0	بیت کوین	Bitcoin	BTC	20489.29	6,693,646,200	1.61%	1401/04/2 12:04
1	اتریوم	Ethereum	ETH	1097.84	358,653,300	1.83%	1401/04/2 12:04
2	بایننس کوین	Binance Coin	BNB	222.84	72,799,600	2.75%	1401/04/2 12:04
3	تتر	Tether	USDT	0.999189	326,160	0.02%	1401/04/2 12:04
4	یو اس دی کوین	USD Coin	USDC	1.0	326,700	0.00%	1401/04/2 12:04
5	BNB	BNB	BNB	222.84	72,799,600	2.75%	1401/04/2 12:04
6	بایننس یو اس دی	Binance USD	BUSD	0.999007	326,400	0.09%	1401/04/2 12:04
7	کاردانو	Cardano	ADA	0.472518	154,400	0.86%	1401/04/2 12:04
8	ریپل	Ripple	XRP	0.326393	106,600	1.13%	1401/04/2 12:04
9	سولانا	Solana	SOL	36.26	11,845,800	5.22%	1401/04/2 12:04
11	دوج کوین	Dogecoin	DOGE	0.06412	20,900	2.60%	1401/04/2 12:04
12	پولکا دات	Polkadot	DOT	7.62	2,489,400	0.53%	1401/04/2 12:04
13	هگز	HEX	HEX	0.041888	13,700	0.95%	1401/04/2 12:02
15	دای	Dai	DAI	1.0	326,700	0.03%	1401/04/2 09:47
16	Wrapped TRON	Wrapped TRON	WTRX	0.064077	20,900	0.71%	1401/04/2 12:02
17	ترون	TRON	TRX	0.064192	21,000	0.86%	1401/04/2 12:04
19	یو ان یو اس سد لئو	UNUS SED LEO	LEO	5.92	1,934,000	2.78%	1401/04/2 12:01
20	شیبا اینو	SHIBA INU	SHIB	1e-05	3	11.11%	1401/04/2 12:04
21	رپد بیت کوین	Wrapped Bitcoin	WBTC	20501.05	6,697,488,000	1.67%	1401/04/2 12:04
22	آوالانچ	Avalanche	AVAX	17.41	5,687,700	6.03%	1401/04/2 12:04
24	یوکَش	yOUcash	YOUC	0.500114	163,400	0.02%	1401/04/2 12:02
25	پالیگان	Polygon	MATIC	0.503317	164,400	8.73%	1401/04/2 12:04
26	لایت کوین	Litecoin	LTC	55.21	18,036,600	6.28%	1401/04/2 12:04
27	یونی سواپ	Uniswap	UNI	5.22	1,705,300	0.77%	1401/04/2 12:04
28	Lido Staked ETH	Lido Staked ETH	STETH	1041.53	340,257,400	2.22%	1401/04/2 12:02
29	اف تی ایکس توکن	FTX Token	FTT	25.8	8,428,600	0.78%	1401/04/2 12:02
30	چین لینک	Chainlink	LINK	6.97	2,277,000	4.97%	1401/04/2 12:04
31	Cronos	Cronos	CRO	0.118163	38,600	2.37%	1401/04/2 12:04
32	استلار	Stellar	XLM	0.11653	38,100	2.52%	1401/04/2 12:04
34	نیر پروتکل	NEAR Protocol	NEAR	3.46	1,130,300	3.59%	1401/04/2 11:59
35	بیت تورنت	BitTorrent	BTT	0.002329	800	0.00%	1401/04/2 12:04
36	الگوراند	Algorand	ALGO	0.324337	106,000	1.08%	1401/04/2 12:04
37	بیت کوین کش	Bitcoin Cash	BCH	116.61	38,095,300	1.41%	1401/04/2 12:04
38	کازماز	Cosmos	ATOM	7.67	2,505,700	4.50%	1401/04/2 12:04
39	بیتکوین بی ای پی 2	Bitcoin BEP2	BTCB	20517.5	6,702,862,100	1.44%	1401/04/2 12:02
40	اتریوم کلاسیک	Ethereum Classic	ETC	15.63	5,106,200	1.56%	1401/04/2 12:04
41	مونرو	Monero	XMR	116.69	38,121,500	1.75%	1401/04/2 12:04
42	Chain	Chain	XCN	0.087335	28,500	1.83%	1401/04/2 12:02
43	وی چین	VeChain	VET	0.023655	7,700	2.42%	1401/04/2 12:04
44	فلو	Flow	FLOW	1.57	512,900	5.37%	1401/04/2 12:04
45	دیسنترالند	Decentraland	MANA	0.876874	286,500	3.73%	1401/04/2 12:04
46	هدِرا	Hedera	HBAR	0.072807	23,800	0.90%	1401/04/2 12:04
47	فرکس	Frax	FRAX	1.0	326,700	0.14%	1401/04/2 11:31
48	اینترنت کامپیوتر	Internet Computer	ICP	5.7	1,862,100	1.97%	1401/04/2 12:04
49	الروند	Elrond	EGLD	59.99	19,598,100	1.11%	1401/04/2 12:04
50	Toncoin	Toncoin	TON	1.08	352,800	0.93%	1401/04/2 12:02
51	فایل کوین	Filecoin	FIL	5.81	1,898,100	2.83%	1401/04/2 12:04
53	تتا نتورک	Theta Network	THETA	1.28	418,200	3.23%	1401/04/2 11:34
54	هلیوم	Helium	HNT	10.55	3,446,600	3.94%	1401/04/2 12:02
55	ایپ کوین	APEcoin	APE	4.23	1,381,900	2.67%	1401/04/2 11:54
56	تزوس	Tezos	XTZ	1.4	457,400	2.19%	1401/04/2 12:04
57	د سندباکس	The Sandbox	SAND	0.983361	321,300	2.59%	1401/04/2 12:04
58	بیت کوین اس وی	Bitcoin SV	BSV	63.23	20,656,600	1.02%	1401/04/2 12:02
60	اکسی اینفینیتی	Axie Infinity	AXS	14.56	4,756,600	3.34%	1401/04/2 12:04
61	رپد ان بی ان	Wrapped BNB	WBNB	222.57	72,711,400	2.66%	1401/04/2 12:02
62	کوکوین توکن	KuCoin Token	KCS	10.46	3,417,200	0.86%	1401/04/2 11:54
63	ایاس	EOS	EOS	0.959449	313,400	2.62%	1401/04/2 12:04
64	پکس دالر	Pax Dollar	USDP	1.0	326,700	0.17%	1401/04/2 11:51
65	زد کش	Zcash	ZEC	64.64	21,117,200	0.17%	1401/04/2 12:04
66	آوه	Aave	AAVE	67.51	22,054,800	4.89%	1401/04/2 12:04
67	میکر	Maker	MKR	936.38	305,906,000	1.10%	1401/04/2 12:04
69	میوتا	IOTA	MIOTA	0.289972	94,700	5.60%	1401/04/2 12:04
70	هوبی توکن	Huobi Token	HT	5.19	1,695,500	0.78%	1401/04/2 12:04
71	هوبی بی تی اس	Huobi BTC	HBTC	20538.12	6,709,598,400	1.93%	1401/04/2 12:02
74	نوترینو یو اس دی	Neutrino USD	USDN	0.993071	324,400	0.21%	1401/04/2 12:04
75	 د گراف	The Graph	GRT	0.111865	36,500	4.91%	1401/04/2 12:04
77	لیکوییتی یو اس دی 	Liquity USD	LUSD	1.02	333,200	0.00%	1401/04/2 11:43
78	ای کش	eCash	XEC	3.8e-05	12	2.70%	1401/04/2 09:01
80	کلیتن	Klaytn	KLAY	0.248494	81,200	0.20%	1401/04/2 12:04
81	USDD	USDD	USDD	0.975281	318,600	0.26%	1401/04/2 12:04
83	ویوز	Waves	WAVES	6.36	2,077,700	1.76%	1401/04/2 12:04
84	فانتوم	Fantom	FTM	0.271171	88,600	3.97%	1401/04/2 12:04
85	اوکی بی	OKB	OKB	11.39	3,721,000	1.24%	1401/04/2 11:57
86	کوانت	Quant	QNT	54.89	17,932,000	0.46%	1401/04/2 12:04
87	ثور چین	THORChain	RUNE	1.99	650,100	11.17%	1401/04/2 12:04
88	نئو	Neo	NEO	9.22	3,012,100	2.56%	1401/04/2 12:04
89	پکس گلد	PAX Gold	PAXG	1839.13	600,825,400	0.20%	1401/04/2 12:04
90	بیسیک اتنشن توکن	Basic Attention Token	BAT	0.389716	127,300	4.40%	1401/04/2 12:04
91	چیلیز	Chiliz	CHZ	0.096078	31,400	3.46%	1401/04/2 12:04
92	زیلیکا	Zilliqa	ZIL	0.041248	13,500	3.84%	1401/04/2 12:04
93	لوپرینگ	Loopring	LRC	0.397984	130,000	3.39%	1401/04/2 12:04
94	استیکس	Stacks	STX	0.393776	128,600	2.49%	1401/04/2 12:04
96	دش	Dash	DASH	47.17	15,410,000	2.77%	1401/04/2 12:04
97	دیفای چین	DeFiChain	DFI	0.996093	325,400	0.67%	1401/04/2 12:02
98	BitTorrent	BitTorrent	BTTOLD	0.000489	200	0.61%	1401/04/2 12:02

0	بیت کوین	Bitcoin	BTC	20583.96	6,719,222,100	2.08%	1401/04/2 13:01
1	اتریوم	Ethereum	ETH	1100.21	359,141,600	2.05%	1401/04/2 13:01
2	بایننس کوین	Binance Coin	BNB	223.52	72,963,600	3.07%	1401/04/2 13:01
3	تتر	Tether	USDT	0.999182	325,980	0.02%	1401/04/2 13:01
4	یو اس دی کوین	USD Coin	USDC	1.0	326,400	0.00%	1401/04/2 13:01
5	BNB	BNB	BNB	223.52	72,963,600	3.07%	1401/04/2 13:01
6	بایننس یو اس دی	Binance USD	BUSD	0.999347	326,200	0.06%	1401/04/2 13:01
7	کاردانو	Cardano	ADA	0.473822	154,700	1.14%	1401/04/2 13:01
8	ریپل	Ripple	XRP	0.328214	107,100	1.70%	1401/04/2 13:01
9	سولانا	Solana	SOL	36.56	11,934,300	6.09%	1401/04/2 13:01
11	دوج کوین	Dogecoin	DOGE	0.064334	21,000	2.94%	1401/04/2 13:01
12	پولکا دات	Polkadot	DOT	7.63	2,490,700	0.66%	1401/04/2 13:01
13	هگز	HEX	HEX	0.041324	13,500	0.41%	1401/04/2 13:01
15	دای	Dai	DAI	1.0	326,400	0.03%	1401/04/2 12:43
16	Wrapped TRON	Wrapped TRON	WTRX	0.064079	20,900	0.71%	1401/04/2 12:56
17	ترون	TRON	TRX	0.064191	21,000	0.86%	1401/04/2 13:01
19	شیبا اینو	SHIBA INU	SHIB	1e-05	3	11.11%	1401/04/2 13:01
20	یو ان یو اس سد لئو	UNUS SED LEO	LEO	5.93	1,935,700	2.95%	1401/04/2 12:57
21	رپد بیت کوین	Wrapped Bitcoin	WBTC	20550.73	6,708,374,800	1.91%	1401/04/2 13:01
22	آوالانچ	Avalanche	AVAX	17.5	5,712,500	6.58%	1401/04/2 13:01
24	یوکَش	yOUcash	YOUC	0.500112	163,300	0.02%	1401/04/2 13:01
25	پالیگان	Polygon	MATIC	0.503914	164,500	8.86%	1401/04/2 13:01
26	لایت کوین	Litecoin	LTC	55.58	18,143,000	6.99%	1401/04/2 13:01
27	یونی سواپ	Uniswap	UNI	5.25	1,713,800	1.35%	1401/04/2 13:01
28	Lido Staked ETH	Lido Staked ETH	STETH	1042.31	340,241,300	2.30%	1401/04/2 13:01
29	اف تی ایکس توکن	FTX Token	FTT	25.86	8,441,500	1.02%	1401/04/2 13:01
30	چین لینک	Chainlink	LINK	6.98	2,278,500	5.12%	1401/04/2 13:01
31	Cronos	Cronos	CRO	0.118764	38,800	2.89%	1401/04/2 13:01
32	استلار	Stellar	XLM	0.117012	38,200	2.94%	1401/04/2 13:01
34	نیر پروتکل	NEAR Protocol	NEAR	3.45	1,126,200	3.29%	1401/04/2 12:54
35	بیت تورنت	BitTorrent	BTT	0.002329	800	0.00%	1401/04/2 13:01
36	الگوراند	Algorand	ALGO	0.323486	105,600	0.81%	1401/04/2 13:01
37	بیت کوین کش	Bitcoin Cash	BCH	116.69	38,091,100	1.48%	1401/04/2 13:01
38	کازماز	Cosmos	ATOM	7.7	2,513,500	4.90%	1401/04/2 13:01
39	بیتکوین بی ای پی 2	Bitcoin BEP2	BTCB	20543.19	6,705,913,500	1.56%	1401/04/2 13:01
40	مونرو	Monero	XMR	116.81	38,130,300	1.86%	1401/04/2 13:01
41	اتریوم کلاسیک	Ethereum Classic	ETC	15.66	5,111,900	1.75%	1401/04/2 13:01
42	Chain	Chain	XCN	0.087578	28,600	1.55%	1401/04/2 13:01
43	وی چین	VeChain	VET	0.023678	7,700	2.52%	1401/04/2 13:01
44	دیسنترالند	Decentraland	MANA	0.884544	288,700	4.63%	1401/04/2 13:01
45	فلو	Flow	FLOW	1.57	512,500	5.37%	1401/04/2 13:01
46	هدِرا	Hedera	HBAR	0.073208	23,900	1.46%	1401/04/2 13:01
47	فرکس	Frax	FRAX	1.0	326,400	0.14%	1401/04/2 13:01
48	اینترنت کامپیوتر	Internet Computer	ICP	5.71	1,863,900	2.15%	1401/04/2 13:01
49	الروند	Elrond	EGLD	59.25	19,341,000	0.14%	1401/04/2 13:01
50	Toncoin	Toncoin	TON	1.07	349,300	0.00%	1401/04/2 12:36
51	فایل کوین	Filecoin	FIL	5.82	1,899,800	3.01%	1401/04/2 13:01
53	تتا نتورک	Theta Network	THETA	1.28	417,800	3.23%	1401/04/2 12:40
54	ایپ کوین	APEcoin	APE	4.28	1,397,100	3.88%	1401/04/2 13:01
55	هلیوم	Helium	HNT	10.59	3,456,900	4.33%	1401/04/2 12:59
56	تزوس	Tezos	XTZ	1.41	460,300	2.92%	1401/04/2 13:01
57	د سندباکس	The Sandbox	SAND	0.99208	323,800	3.50%	1401/04/2 13:01
59	بیت کوین اس وی	Bitcoin SV	BSV	63.04	20,578,100	0.72%	1401/04/2 13:01
60	اکسی اینفینیتی	Axie Infinity	AXS	14.58	4,759,300	3.48%	1401/04/2 13:01
61	رپد ان بی ان	Wrapped BNB	WBNB	222.7	72,696,000	2.72%	1401/04/2 13:01
62	کوکوین توکن	KuCoin Token	KCS	10.49	3,424,300	0.57%	1401/04/2 12:59
63	ایاس	EOS	EOS	0.962904	314,300	2.99%	1401/04/2 13:01
64	پکس دالر	Pax Dollar	USDP	1.01	329,700	1.17%	1401/04/2 13:01
65	زد کش	Zcash	ZEC	64.66	21,107,000	0.14%	1401/04/2 13:01
66	آوه	Aave	AAVE	67.94	22,177,700	5.56%	1401/04/2 13:01
67	میکر	Maker	MKR	933.91	304,856,200	0.83%	1401/04/2 13:01
69	میوتا	IOTA	MIOTA	0.300014	97,900	2.06%	1401/04/2 13:01
70	هوبی بی تی اس	Huobi BTC	HBTC	20576.99	6,716,946,800	2.12%	1401/04/2 13:01
71	هوبی توکن	Huobi Token	HT	5.19	1,694,200	0.78%	1401/04/2 13:01
74	نوترینو یو اس دی	Neutrino USD	USDN	0.994681	324,700	0.37%	1401/04/2 13:01
75	 د گراف	The Graph	GRT	0.111747	36,500	4.80%	1401/04/2 13:01
77	ای کش	eCash	XEC	3.8e-05	12	2.70%	1401/04/2 09:01
78	لیکوییتی یو اس دی 	Liquity USD	LUSD	1.02	333,000	0.00%	1401/04/2 11:43
80	کلیتن	Klaytn	KLAY	0.24823	81,000	0.30%	1401/04/2 13:01
81	USDD	USDD	USDD	0.975605	318,500	0.29%	1401/04/2 13:01
83	ویوز	Waves	WAVES	6.41	2,092,400	2.56%	1401/04/2 13:01
84	فانتوم	Fantom	FTM	0.271504	88,600	4.09%	1401/04/2 13:01
85	اوکی بی	OKB	OKB	11.41	3,724,600	1.42%	1401/04/2 13:01
86	کوانت	Quant	QNT	55.12	17,992,800	0.88%	1401/04/2 13:01
87	ثور چین	THORChain	RUNE	1.98	646,300	10.61%	1401/04/2 12:56
88	نئو	Neo	NEO	9.2	3,003,200	2.34%	1401/04/2 13:01
89	پکس گلد	PAX Gold	PAXG	1841.18	601,016,400	0.08%	1401/04/2 13:01
90	بیسیک اتنشن توکن	Basic Attention Token	BAT	0.390431	127,400	4.59%	1401/04/2 13:01
91	چیلیز	Chiliz	CHZ	0.096383	31,500	3.79%	1401/04/2 13:01
92	زیلیکا	Zilliqa	ZIL	0.040943	13,400	3.07%	1401/04/2 13:01
93	لوپرینگ	Loopring	LRC	0.398444	130,100	3.50%	1401/04/2 13:01
94	استیکس	Stacks	STX	0.394268	128,700	2.62%	1401/04/2 13:01
96	دش	Dash	DASH	47.18	15,401,000	2.79%	1401/04/2 13:01
97	دیفای چین	DeFiChain	DFI	0.992762	324,100	0.34%	1401/04/2 13:01
98	BitTorrent	BitTorrent	BTTOLD	0.000489	200	0.61%	1401/04/2 12:55
99	پنکیک سواپ	PancakeSwap	CAKE	3.13	1,021,700	1.95%	1401/04/2 13:01

0	بیت کوین	Bitcoin	BTC	20585.06	6,713,817,300	2.09%	1401/04/2 14:02
1	اتریوم	Ethereum	ETH	1103.62	359,945,700	2.37%	1401/04/2 14:02
2	بایننس کوین	Binance Coin	BNB	222.99	72,728,200	2.82%	1401/04/2 14:02
3	تتر	Tether	USDT	0.999239	325,650	0.03%	1401/04/2 14:02
4	یو اس دی کوین	USD Coin	USDC	0.999953	326,100	0.00%	1401/04/2 14:01
5	BNB	BNB	BNB	222.99	72,728,200	2.82%	1401/04/2 13:59
6	بایننس یو اس دی	Binance USD	BUSD	1.0	326,200	0.01%	1401/04/2 13:59
7	کاردانو	Cardano	ADA	0.472507	154,100	0.85%	1401/04/2 14:02
8	ریپل	Ripple	XRP	0.327621	106,900	1.51%	1401/04/2 14:02
9	سولانا	Solana	SOL	36.36	11,858,800	5.51%	1401/04/2 14:01
11	دوج کوین	Dogecoin	DOGE	0.064033	20,900	2.46%	1401/04/2 14:02
12	پولکا دات	Polkadot	DOT	7.58	2,472,200	0.00%	1401/04/2 14:01
13	هگز	HEX	HEX	0.041737	13,600	0.59%	1401/04/2 14:01
15	دای	Dai	DAI	1.0	326,200	0.03%	1401/04/2 12:43
16	Wrapped TRON	Wrapped TRON	WTRX	0.064079	20,900	0.71%	1401/04/2 12:56
17	ترون	TRON	TRX	0.063855	20,800	0.33%	1401/04/2 14:02
19	یو ان یو اس سد لئو	UNUS SED LEO	LEO	5.93	1,934,100	2.95%	1401/04/2 13:59
20	شیبا اینو	SHIBA INU	SHIB	1e-05	3	11.11%	1401/04/2 14:01
21	رپد بیت کوین	Wrapped Bitcoin	WBTC	20590.69	6,715,653,500	2.11%	1401/04/2 13:59
22	آوالانچ	Avalanche	AVAX	17.55	5,723,900	6.88%	1401/04/2 14:01
24	یوکَش	yOUcash	YOUC	0.500138	163,100	0.02%	1401/04/2 14:01
25	پالیگان	Polygon	MATIC	0.496933	162,100	7.36%	1401/04/2 13:59
26	لایت کوین	Litecoin	LTC	55.16	17,990,400	6.18%	1401/04/2 14:02
27	یونی سواپ	Uniswap	UNI	5.25	1,712,300	1.35%	1401/04/2 14:01
28	Lido Staked ETH	Lido Staked ETH	STETH	1048.49	341,965,000	2.90%	1401/04/2 14:01
29	اف تی ایکس توکن	FTX Token	FTT	25.85	8,431,000	0.98%	1401/04/2 13:59
30	چین لینک	Chainlink	LINK	6.92	2,257,000	4.22%	1401/04/2 14:01
31	Cronos	Cronos	CRO	0.118561	38,700	2.71%	1401/04/2 13:59
32	استلار	Stellar	XLM	0.117393	38,300	3.28%	1401/04/2 14:02
34	نیر پروتکل	NEAR Protocol	NEAR	3.45	1,125,200	3.29%	1401/04/2 13:52
35	بیت تورنت	BitTorrent	BTT	0.002329	800	0.00%	1401/04/2 14:01
36	الگوراند	Algorand	ALGO	0.323238	105,400	0.73%	1401/04/2 13:59
37	بیت کوین کش	Bitcoin Cash	BCH	116.35	37,947,600	1.18%	1401/04/2 14:02
38	کازماز	Cosmos	ATOM	7.67	2,501,600	4.50%	1401/04/2 14:01
39	بیتکوین بی ای پی 2	Bitcoin BEP2	BTCB	20552.32	6,703,139,200	1.61%	1401/04/2 14:01
40	مونرو	Monero	XMR	117.26	38,244,300	2.25%	1401/04/2 14:02
41	اتریوم کلاسیک	Ethereum Classic	ETC	15.62	5,094,500	1.49%	1401/04/2 14:02
42	Chain	Chain	XCN	0.087706	28,600	1.40%	1401/04/2 14:01
43	وی چین	VeChain	VET	0.02365	7,700	2.39%	1401/04/2 13:59
44	دیسنترالند	Decentraland	MANA	0.88537	288,800	4.73%	1401/04/2 13:59
45	فلو	Flow	FLOW	1.57	512,100	5.37%	1401/04/2 14:01
46	هدِرا	Hedera	HBAR	0.072959	23,800	1.11%	1401/04/2 13:59
47	فرکس	Frax	FRAX	1.0	326,200	0.14%	1401/04/2 13:57
48	اینترنت کامپیوتر	Internet Computer	ICP	5.67	1,849,300	1.43%	1401/04/2 13:59
49	الروند	Elrond	EGLD	58.97	19,233,100	0.61%	1401/04/2 14:01
50	Toncoin	Toncoin	TON	1.07	349,000	0.00%	1401/04/2 12:36
51	فایل کوین	Filecoin	FIL	5.77	1,881,900	2.12%	1401/04/2 14:01
52	ایپ کوین	APEcoin	APE	4.28	1,395,900	3.88%	1401/04/2 13:59
53	تتا نتورک	Theta Network	THETA	1.28	417,500	3.23%	1401/04/2 13:39
55	د سندباکس	The Sandbox	SAND	0.998297	325,600	4.15%	1401/04/2 14:01
56	تزوس	Tezos	XTZ	1.41	459,900	2.92%	1401/04/2 14:01
57	هلیوم	Helium	HNT	10.53	3,434,400	3.74%	1401/04/2 13:59
58	ترو یو اس دی	TrueUSD	TUSD	1.0	326,200	0.00%	1401/04/2 13:18
59	بیت کوین اس وی	Bitcoin SV	BSV	63.07	20,570,300	0.77%	1401/04/2 13:59
60	اکسی اینفینیتی	Axie Infinity	AXS	14.51	4,732,400	2.98%	1401/04/2 13:59
61	رپد ان بی ان	Wrapped BNB	WBNB	222.23	72,480,300	2.50%	1401/04/2 14:01
62	کوکوین توکن	KuCoin Token	KCS	10.41	3,395,200	1.34%	1401/04/2 13:59
63	ایاس	EOS	EOS	0.96064	313,300	2.75%	1401/04/2 14:02
64	پکس دالر	Pax Dollar	USDP	1.0	326,200	0.17%	1401/04/2 13:59
65	زد کش	Zcash	ZEC	64.68	21,095,400	0.11%	1401/04/2 14:02
66	آوه	Aave	AAVE	67.98	22,171,700	5.62%	1401/04/2 13:59
67	میکر	Maker	MKR	935.55	305,129,600	1.01%	1401/04/2 14:01
69	میوتا	IOTA	MIOTA	0.306674	100,000	0.16%	1401/04/2 13:59
70	هوبی بی تی اس	Huobi BTC	HBTC	20582.45	6,712,966,100	2.15%	1401/04/2 14:01
71	هوبی توکن	Huobi Token	HT	5.19	1,692,700	0.78%	1401/04/2 13:52
74	نوترینو یو اس دی	Neutrino USD	USDN	0.995343	324,600	0.44%	1401/04/2 13:59
75	 د گراف	The Graph	GRT	0.111584	36,400	4.65%	1401/04/2 13:59
77	لیکوییتی یو اس دی 	Liquity USD	LUSD	1.02	332,700	0.00%	1401/04/2 11:43
78	ای کش	eCash	XEC	3.8e-05	12	2.70%	1401/04/2 09:01
80	کلیتن	Klaytn	KLAY	0.247671	80,800	0.53%	1401/04/2 13:59
81	USDD	USDD	USDD	0.97549	318,200	0.28%	1401/04/2 13:59
83	ویوز	Waves	WAVES	6.4	2,087,400	2.40%	1401/04/2 14:01
84	فانتوم	Fantom	FTM	0.270095	88,100	3.55%	1401/04/2 14:01
85	اوکی بی	OKB	OKB	11.41	3,721,400	1.42%	1401/04/2 13:59
86	کوانت	Quant	QNT	55.29	18,032,800	1.19%	1401/04/2 13:59
87	ثور چین	THORChain	RUNE	1.98	645,800	10.61%	1401/04/2 13:39
88	نئو	Neo	NEO	9.2	3,000,600	2.34%	1401/04/2 14:02
89	پکس گلد	PAX Gold	PAXG	1839.85	600,067,100	0.16%	1401/04/2 13:59
90	بیسیک اتنشن توکن	Basic Attention Token	BAT	0.3875	126,400	3.81%	1401/04/2 13:59
91	چیلیز	Chiliz	CHZ	0.096169	31,400	3.56%	1401/04/2 13:59
92	زیلیکا	Zilliqa	ZIL	0.040972	13,400	3.14%	1401/04/2 13:59
93	لوپرینگ	Loopring	LRC	0.397388	129,600	3.23%	1401/04/2 14:01
94	استیکس	Stacks	STX	0.394124	128,500	2.58%	1401/04/2 13:59
96	دیفای چین	DeFiChain	DFI	0.997471	325,300	0.81%	1401/04/2 14:01
97	دش	Dash	DASH	47.08	15,355,100	2.57%	1401/04/2 14:02
98	BitTorrent	BitTorrent	BTTOLD	0.000488	200	0.82%	1401/04/2 14:01
99	پنکیک سواپ	PancakeSwap	CAKE	3.13	1,020,800	1.95%	1401/04/2 14:01

0	بیت کوین	Bitcoin	BTC	20693.98	6,745,616,700	2.63%	1401/04/2 15:08
1	اتریوم	Ethereum	ETH	1109.43	361,640,900	2.91%	1401/04/2 15:08
2	بایننس کوین	Binance Coin	BNB	224.07	73,040,100	3.32%	1401/04/2 15:08
3	تتر	Tether	USDT	0.99921	325,460	0.02%	1401/04/2 15:08
4	یو اس دی کوین	USD Coin	USDC	1.0	326,000	0.00%	1401/04/2 15:08
5	BNB	BNB	BNB	224.07	73,040,100	3.32%	1401/04/2 15:08
6	بایننس یو اس دی	Binance USD	BUSD	1.0	326,000	0.01%	1401/04/2 15:05
7	کاردانو	Cardano	ADA	0.472757	154,100	0.91%	1401/04/2 15:08
8	ریپل	Ripple	XRP	0.32838	107,000	1.75%	1401/04/2 15:08
9	سولانا	Solana	SOL	36.24	11,813,200	5.17%	1401/04/2 15:08
11	دوج کوین	Dogecoin	DOGE	0.064037	20,900	2.46%	1401/04/2 15:08
12	پولکا دات	Polkadot	DOT	7.62	2,483,900	0.53%	1401/04/2 15:08
13	هگز	HEX	HEX	0.041604	13,600	0.27%	1401/04/2 15:03
15	دای	Dai	DAI	1.0	326,000	0.03%	1401/04/2 12:43
16	Wrapped TRON	Wrapped TRON	WTRX	0.064079	20,900	0.71%	1401/04/2 12:56
17	ترون	TRON	TRX	0.063594	20,700	0.08%	1401/04/2 15:08
19	یو ان یو اس سد لئو	UNUS SED LEO	LEO	5.93	1,933,000	2.95%	1401/04/2 14:56
20	شیبا اینو	SHIBA INU	SHIB	1e-05	3	11.11%	1401/04/2 15:08
21	رپد بیت کوین	Wrapped Bitcoin	WBTC	20679.5	6,740,896,600	2.55%	1401/04/2 15:08
22	آوالانچ	Avalanche	AVAX	17.82	5,808,800	8.53%	1401/04/2 15:08
24	یوکَش	yOUcash	YOUC	0.500138	163,000	0.02%	1401/04/2 15:03
25	یونی سواپ	Uniswap	UNI	5.58	1,818,900	7.72%	1401/04/2 15:08
26	پالیگان	Polygon	MATIC	0.500331	163,100	8.09%	1401/04/2 15:08
27	لایت کوین	Litecoin	LTC	54.83	17,872,900	5.54%	1401/04/2 15:08
28	Lido Staked ETH	Lido Staked ETH	STETH	1055.91	344,195,000	3.63%	1401/04/2 15:03
29	اف تی ایکس توکن	FTX Token	FTT	25.94	8,455,700	1.33%	1401/04/2 15:07
30	چین لینک	Chainlink	LINK	6.93	2,259,000	4.37%	1401/04/2 15:08
31	Cronos	Cronos	CRO	0.118904	38,800	3.01%	1401/04/2 15:08
32	استلار	Stellar	XLM	0.11764	38,300	3.49%	1401/04/2 15:08
34	نیر پروتکل	NEAR Protocol	NEAR	3.45	1,124,600	3.29%	1401/04/2 15:07
35	بیت تورنت	BitTorrent	BTT	0.002329	800	0.00%	1401/04/2 15:08
36	الگوراند	Algorand	ALGO	0.323443	105,400	0.80%	1401/04/2 15:08
37	بیت کوین کش	Bitcoin Cash	BCH	116.65	38,024,400	1.44%	1401/04/2 15:08
38	کازماز	Cosmos	ATOM	7.64	2,490,400	4.09%	1401/04/2 15:08
39	بیتکوین بی ای پی 2	Bitcoin BEP2	BTCB	20674.83	6,739,374,300	2.22%	1401/04/2 15:03
40	مونرو	Monero	XMR	117.63	38,343,900	2.57%	1401/04/2 15:08
41	اتریوم کلاسیک	Ethereum Classic	ETC	15.65	5,101,400	1.69%	1401/04/2 15:08
42	Chain	Chain	XCN	0.087991	28,700	1.07%	1401/04/2 15:03
43	وی چین	VeChain	VET	0.02373	7,700	2.74%	1401/04/2 15:08
44	دیسنترالند	Decentraland	MANA	0.893059	291,100	5.64%	1401/04/2 15:08
45	فلو	Flow	FLOW	1.57	511,800	5.37%	1401/04/2 15:08
46	هدِرا	Hedera	HBAR	0.072817	23,700	0.91%	1401/04/2 15:08
47	فرکس	Frax	FRAX	1.0	326,000	0.14%	1401/04/2 13:57
48	اینترنت کامپیوتر	Internet Computer	ICP	5.67	1,848,200	1.43%	1401/04/2 15:07
49	الروند	Elrond	EGLD	59.47	19,385,400	0.24%	1401/04/2 15:08
50	Toncoin	Toncoin	TON	1.08	352,000	0.93%	1401/04/2 14:25
51	تتا نتورک	Theta Network	THETA	1.29	420,500	4.03%	1401/04/2 15:07
53	فایل کوین	Filecoin	FIL	5.78	1,884,100	2.30%	1401/04/2 15:08
54	ایپ کوین	APEcoin	APE	4.25	1,385,400	3.16%	1401/04/2 15:07
55	تزوس	Tezos	XTZ	1.41	459,600	2.92%	1401/04/2 15:08
56	د سندباکس	The Sandbox	SAND	1.01	329,200	5.37%	1401/04/2 15:08
57	هلیوم	Helium	HNT	10.52	3,429,200	3.65%	1401/04/2 15:01
58	ترو یو اس دی	TrueUSD	TUSD	1.0	326,000	0.00%	1401/04/2 14:18
59	بیت کوین اس وی	Bitcoin SV	BSV	62.91	20,506,800	0.51%	1401/04/2 15:08
60	اکسی اینفینیتی	Axie Infinity	AXS	14.51	4,729,800	2.98%	1401/04/2 15:07
61	رپد ان بی ان	Wrapped BNB	WBNB	223.91	72,987,900	3.28%	1401/04/2 15:03
62	کوکوین توکن	KuCoin Token	KCS	10.42	3,396,600	1.25%	1401/04/2 15:08
63	ایاس	EOS	EOS	0.96198	313,600	2.89%	1401/04/2 15:08
64	آوه	Aave	AAVE	68.25	22,247,500	6.04%	1401/04/2 15:08
65	پکس دالر	Pax Dollar	USDP	1.01	329,200	1.17%	1401/04/2 15:05
66	زد کش	Zcash	ZEC	64.58	21,051,100	0.26%	1401/04/2 15:08
67	میکر	Maker	MKR	939.31	306,186,900	1.41%	1401/04/2 15:08
69	میوتا	IOTA	MIOTA	0.30171	98,300	1.49%	1401/04/2 15:08
70	هوبی بی تی اس	Huobi BTC	HBTC	20752.65	6,764,741,300	2.99%	1401/04/2 15:03
71	هوبی توکن	Huobi Token	HT	5.2	1,695,000	0.97%	1401/04/2 15:05
74	نوترینو یو اس دی	Neutrino USD	USDN	0.993165	323,700	0.22%	1401/04/2 15:08
75	 د گراف	The Graph	GRT	0.112039	36,500	5.07%	1401/04/2 15:08
77	لیکوییتی یو اس دی 	Liquity USD	LUSD	1.02	332,500	0.00%	1401/04/2 11:43
80	کلیتن	Klaytn	KLAY	0.248055	80,900	0.37%	1401/04/2 15:08
81	USDD	USDD	USDD	0.975223	317,900	0.25%	1401/04/2 15:08
83	فانتوم	Fantom	FTM	0.268879	87,600	3.09%	1401/04/2 15:08
84	اوکی بی	OKB	OKB	11.42	3,722,600	1.51%	1401/04/2 15:05
85	ویوز	Waves	WAVES	6.28	2,047,100	0.48%	1401/04/2 15:08
86	کوانت	Quant	QNT	55.0	17,928,400	0.66%	1401/04/2 15:08
87	ثور چین	THORChain	RUNE	1.98	645,400	10.61%	1401/04/2 15:04
88	نئو	Neo	NEO	9.2	2,998,900	2.34%	1401/04/2 15:08
89	پکس گلد	PAX Gold	PAXG	1835.82	598,422,200	0.38%	1401/04/2 15:08
90	بیسیک اتنشن توکن	Basic Attention Token	BAT	0.387081	126,200	3.70%	1401/04/2 15:08
91	چیلیز	Chiliz	CHZ	0.095996	31,300	3.37%	1401/04/2 15:08
92	زیلیکا	Zilliqa	ZIL	0.041002	13,400	3.22%	1401/04/2 15:08
93	لوپرینگ	Loopring	LRC	0.397257	129,500	3.20%	1401/04/2 15:08
94	استیکس	Stacks	STX	0.392653	128,000	2.20%	1401/04/2 15:08
95	دیفای چین	DeFiChain	DFI	1.0	326,000	1.07%	1401/04/2 15:03
97	دش	Dash	DASH	47.31	15,421,600	3.07%	1401/04/2 15:08
98	BitTorrent	BitTorrent	BTTOLD	0.000491	200	0.20%	1401/04/2 15:03
99	پنکیک سواپ	PancakeSwap	CAKE	3.16	1,030,100	2.93%	1401/04/2 15:08

0	بیت کوین	Bitcoin	BTC	20671.95	6,719,417,300	2.52%	1401/04/2 16:00
1	اتریوم	Ethereum	ETH	1107.88	360,116,400	2.76%	1401/04/2 16:00
2	بایننس کوین	Binance Coin	BNB	225.58	73,324,800	4.02%	1401/04/2 16:00
3	تتر	Tether	USDT	0.999246	324,530	0.03%	1401/04/2 16:00
4	یو اس دی کوین	USD Coin	USDC	1.0	325,100	0.00%	1401/04/2 16:01
5	BNB	BNB	BNB	225.58	73,324,800	4.02%	1401/04/2 16:00
6	بایننس یو اس دی	Binance USD	BUSD	1.0	325,100	0.01%	1401/04/2 15:58
7	کاردانو	Cardano	ADA	0.474811	154,300	1.35%	1401/04/2 16:00
8	ریپل	Ripple	XRP	0.328282	106,700	1.72%	1401/04/2 16:00
9	سولانا	Solana	SOL	37.12	12,065,900	7.72%	1401/04/2 16:01
11	دوج کوین	Dogecoin	DOGE	0.064163	20,900	2.67%	1401/04/2 16:00
12	پولکا دات	Polkadot	DOT	7.63	2,480,100	0.66%	1401/04/2 16:00
13	هگز	HEX	HEX	0.041569	13,500	0.18%	1401/04/2 15:55
15	دای	Dai	DAI	1.0	325,100	0.03%	1401/04/2 15:45
16	Wrapped TRON	Wrapped TRON	WTRX	0.064079	20,800	0.71%	1401/04/2 12:56
17	ترون	TRON	TRX	0.063685	20,700	0.06%	1401/04/2 16:00
19	یو ان یو اس سد لئو	UNUS SED LEO	LEO	5.96	1,937,300	3.47%	1401/04/2 16:00
20	شیبا اینو	SHIBA INU	SHIB	1e-05	3	11.11%	1401/04/2 16:01
21	رپد بیت کوین	Wrapped Bitcoin	WBTC	20673.64	6,719,966,700	2.52%	1401/04/2 16:00
22	آوالانچ	Avalanche	AVAX	17.89	5,815,100	8.95%	1401/04/2 16:01
24	یوکَش	yOUcash	YOUC	0.50015	162,600	0.03%	1401/04/2 15:56
25	پالیگان	Polygon	MATIC	0.509899	165,700	10.16%	1401/04/2 16:00
26	یونی سواپ	Uniswap	UNI	5.53	1,797,500	6.76%	1401/04/2 16:00
27	لایت کوین	Litecoin	LTC	54.85	17,829,000	5.58%	1401/04/2 16:00
28	Lido Staked ETH	Lido Staked ETH	STETH	1051.52	341,796,600	3.20%	1401/04/2 15:56
29	اف تی ایکس توکن	FTX Token	FTT	25.97	8,441,500	1.45%	1401/04/2 16:00
30	چین لینک	Chainlink	LINK	7.03	2,285,100	5.87%	1401/04/2 16:00
31	Cronos	Cronos	CRO	0.119053	38,700	3.14%	1401/04/2 16:00
32	استلار	Stellar	XLM	0.118246	38,400	4.03%	1401/04/2 16:00
34	نیر پروتکل	NEAR Protocol	NEAR	3.48	1,131,200	4.19%	1401/04/2 15:58
35	بیت تورنت	BitTorrent	BTT	0.002329	800	0.00%	1401/04/2 16:01
36	الگوراند	Algorand	ALGO	0.328071	106,600	2.24%	1401/04/2 16:00
37	بیت کوین کش	Bitcoin Cash	BCH	117.02	38,037,400	1.77%	1401/04/2 16:00
38	کازماز	Cosmos	ATOM	7.73	2,512,600	5.31%	1401/04/2 16:00
39	بیتکوین بی ای پی 2	Bitcoin BEP2	BTCB	20687.23	6,724,384,100	2.28%	1401/04/2 15:56
40	مونرو	Monero	XMR	118.47	38,508,700	3.30%	1401/04/2 16:00
41	اتریوم کلاسیک	Ethereum Classic	ETC	15.68	5,096,800	1.88%	1401/04/2 16:00
42	Chain	Chain	XCN	0.087718	28,500	1.39%	1401/04/2 15:56
43	وی چین	VeChain	VET	0.023837	7,700	3.20%	1401/04/2 16:00
44	دیسنترالند	Decentraland	MANA	0.902479	293,400	6.76%	1401/04/2 16:00
45	فلو	Flow	FLOW	1.58	513,600	6.04%	1401/04/2 16:01
46	هدِرا	Hedera	HBAR	0.073198	23,800	1.44%	1401/04/2 16:00
47	فرکس	Frax	FRAX	1.0	325,100	0.14%	1401/04/2 15:37
48	اینترنت کامپیوتر	Internet Computer	ICP	5.73	1,862,500	2.50%	1401/04/2 15:52
49	الروند	Elrond	EGLD	59.76	19,425,000	0.72%	1401/04/2 16:01
50	Toncoin	Toncoin	TON	1.08	351,100	0.93%	1401/04/2 14:25
52	تتا نتورک	Theta Network	THETA	1.29	419,300	4.03%	1401/04/2 15:39
53	فایل کوین	Filecoin	FIL	5.8	1,885,300	2.65%	1401/04/2 16:00
54	ایپ کوین	APEcoin	APE	4.3	1,397,700	4.37%	1401/04/2 16:00
55	د سندباکس	The Sandbox	SAND	1.01	328,300	5.37%	1401/04/2 16:01
56	تزوس	Tezos	XTZ	1.42	461,600	3.65%	1401/04/2 16:00
57	هلیوم	Helium	HNT	10.53	3,422,800	3.74%	1401/04/2 16:00
58	ترو یو اس دی	TrueUSD	TUSD	1.0	325,100	0.00%	1401/04/2 14:18
59	بیت کوین اس وی	Bitcoin SV	BSV	63.03	20,487,900	0.70%	1401/04/2 16:00
60	اکسی اینفینیتی	Axie Infinity	AXS	14.67	4,768,500	4.12%	1401/04/2 16:00
61	رپد ان بی ان	Wrapped BNB	WBNB	225.1	73,168,800	3.83%	1401/04/2 15:56
62	کوکوین توکن	KuCoin Token	KCS	10.45	3,396,800	0.96%	1401/04/2 15:59
63	ایاس	EOS	EOS	0.962422	312,800	2.94%	1401/04/2 16:00
64	پکس دالر	Pax Dollar	USDP	1.0	325,100	0.17%	1401/04/2 15:39
65	زد کش	Zcash	ZEC	64.71	21,034,000	0.06%	1401/04/2 16:00
66	آوه	Aave	AAVE	67.99	22,100,100	5.64%	1401/04/2 16:00
67	میکر	Maker	MKR	934.98	303,915,200	0.95%	1401/04/2 16:00
69	میوتا	IOTA	MIOTA	0.30153	98,000	1.55%	1401/04/2 16:00
70	هوبی بی تی اس	Huobi BTC	HBTC	20707.03	6,730,820,100	2.77%	1401/04/2 15:56
71	هوبی توکن	Huobi Token	HT	5.2	1,690,300	0.97%	1401/04/2 15:36
74	نوترینو یو اس دی	Neutrino USD	USDN	0.993592	323,000	0.26%	1401/04/2 16:00
75	 د گراف	The Graph	GRT	0.113916	37,000	6.83%	1401/04/2 16:00
77	لیکوییتی یو اس دی 	Liquity USD	LUSD	1.02	331,600	0.00%	1401/04/2 11:43
80	کلیتن	Klaytn	KLAY	0.248029	80,600	0.38%	1401/04/2 16:00
81	USDD	USDD	USDD	0.976072	317,300	0.34%	1401/04/2 16:00
83	فانتوم	Fantom	FTM	0.272898	88,700	4.63%	1401/04/2 16:01
84	اوکی بی	OKB	OKB	11.44	3,718,600	1.69%	1401/04/2 16:00
85	ویوز	Waves	WAVES	6.28	2,041,300	0.48%	1401/04/2 16:00
86	کوانت	Quant	QNT	54.88	17,838,700	0.44%	1401/04/2 16:00
87	ثور چین	THORChain	RUNE	2.0	650,100	11.73%	1401/04/2 15:52
88	نئو	Neo	NEO	9.21	2,993,700	2.45%	1401/04/2 16:00
89	پکس گلد	PAX Gold	PAXG	1834.39	596,268,500	0.46%	1401/04/2 16:00
90	بیسیک اتنشن توکن	Basic Attention Token	BAT	0.388473	126,300	4.07%	1401/04/2 16:00
91	چیلیز	Chiliz	CHZ	0.095781	31,100	3.14%	1401/04/2 16:00
92	لوپرینگ	Loopring	LRC	0.400483	130,200	4.03%	1401/04/2 16:00
93	زیلیکا	Zilliqa	ZIL	0.040999	13,300	3.21%	1401/04/2 16:00
94	استیکس	Stacks	STX	0.393607	127,900	2.45%	1401/04/2 16:00
95	دش	Dash	DASH	47.5	15,439,900	3.49%	1401/04/2 16:00
97	دیفای چین	DeFiChain	DFI	1.0	325,100	1.07%	1401/04/2 15:03
98	BitTorrent	BitTorrent	BTTOLD	0.000493	200	0.20%	1401/04/2 15:45
99	پنکیک سواپ	PancakeSwap	CAKE	3.19	1,036,900	3.91%	1401/04/2 16:01

0	بیت کوین	Bitcoin	BTC	20707.69	6,732,691,200	2.70%	1401/04/2 17:01
1	اتریوم	Ethereum	ETH	1116.7	363,072,700	3.58%	1401/04/2 17:01
2	بایننس کوین	Binance Coin	BNB	227.53	73,976,800	4.92%	1401/04/2 17:01
3	تتر	Tether	USDT	0.999221	324,760	0.02%	1401/04/2 17:01
4	یو اس دی کوین	USD Coin	USDC	1.0	325,100	0.00%	1401/04/2 17:00
5	BNB	BNB	BNB	227.53	73,976,800	4.92%	1401/04/2 17:01
6	بایننس یو اس دی	Binance USD	BUSD	1.0	325,100	0.01%	1401/04/2 17:01
7	کاردانو	Cardano	ADA	0.47458	154,300	1.30%	1401/04/2 17:01
8	ریپل	Ripple	XRP	0.329124	107,000	1.98%	1401/04/2 17:01
9	سولانا	Solana	SOL	37.1	12,062,300	7.66%	1401/04/2 17:01
11	دوج کوین	Dogecoin	DOGE	0.064116	20,800	2.59%	1401/04/2 17:01
12	پولکا دات	Polkadot	DOT	7.7	2,503,500	1.58%	1401/04/2 17:01
13	هگز	HEX	HEX	0.041505	13,500	0.03%	1401/04/2 16:57
15	دای	Dai	DAI	1.0	325,100	0.03%	1401/04/2 15:45
16	Wrapped TRON	Wrapped TRON	WTRX	0.064079	20,800	0.71%	1401/04/2 12:56
17	ترون	TRON	TRX	0.063767	20,700	0.19%	1401/04/2 17:01
19	یو ان یو اس سد لئو	UNUS SED LEO	LEO	5.99	1,947,500	3.99%	1401/04/2 16:59
20	شیبا اینو	SHIBA INU	SHIB	1e-05	3	11.11%	1401/04/2 17:01
21	رپد بیت کوین	Wrapped Bitcoin	WBTC	20691.13	6,727,307,100	2.61%	1401/04/2 17:01
22	آوالانچ	Avalanche	AVAX	17.91	5,823,100	9.07%	1401/04/2 17:01
24	یوکَش	yOUcash	YOUC	0.50009	162,600	0.01%	1401/04/2 16:57
25	پالیگان	Polygon	MATIC	0.508622	165,400	9.88%	1401/04/2 17:01
26	یونی سواپ	Uniswap	UNI	5.52	1,794,700	6.56%	1401/04/2 17:00
27	لایت کوین	Litecoin	LTC	54.74	17,797,600	5.37%	1401/04/2 17:01
28	Lido Staked ETH	Lido Staked ETH	STETH	1055.75	343,256,000	3.62%	1401/04/2 16:45
29	اف تی ایکس توکن	FTX Token	FTT	25.9	8,420,900	1.17%	1401/04/2 17:01
30	چین لینک	Chainlink	LINK	7.03	2,285,700	5.87%	1401/04/2 17:01
31	Cronos	Cronos	CRO	0.119685	38,900	3.69%	1401/04/2 17:01
32	استلار	Stellar	XLM	0.118207	38,400	3.99%	1401/04/2 17:01
34	نیر پروتکل	NEAR Protocol	NEAR	3.49	1,134,700	4.49%	1401/04/2 16:55
35	بیت تورنت	BitTorrent	BTT	0.002329	800	0.00%	1401/04/2 17:01
36	الگوراند	Algorand	ALGO	0.326819	106,300	1.85%	1401/04/2 17:01
37	بیت کوین کش	Bitcoin Cash	BCH	117.14	38,085,700	1.87%	1401/04/2 17:01
38	کازماز	Cosmos	ATOM	7.7	2,503,500	4.90%	1401/04/2 17:00
39	بیتکوین بی ای پی 2	Bitcoin BEP2	BTCB	20662.07	6,717,858,800	2.15%	1401/04/2 16:57
40	مونرو	Monero	XMR	118.15	38,414,100	3.03%	1401/04/2 17:01
41	اتریوم کلاسیک	Ethereum Classic	ETC	15.71	5,107,800	2.08%	1401/04/2 17:01
42	Chain	Chain	XCN	0.087993	28,600	1.07%	1401/04/2 16:57
43	وی چین	VeChain	VET	0.023779	7,700	2.95%	1401/04/2 17:01
44	دیسنترالند	Decentraland	MANA	0.898081	292,000	6.24%	1401/04/2 17:01
45	فلو	Flow	FLOW	1.59	517,000	6.71%	1401/04/2 17:01
46	هدِرا	Hedera	HBAR	0.073143	23,800	1.37%	1401/04/2 17:01
47	فرکس	Frax	FRAX	1.0	325,100	0.14%	1401/04/2 16:45
48	اینترنت کامپیوتر	Internet Computer	ICP	5.74	1,866,200	2.68%	1401/04/2 16:57
49	الروند	Elrond	EGLD	60.03	19,517,600	1.18%	1401/04/2 17:01
50	Toncoin	Toncoin	TON	1.08	351,100	0.93%	1401/04/2 14:25
51	ایپ کوین	APEcoin	APE	4.43	1,440,300	7.52%	1401/04/2 17:01
52	تتا نتورک	Theta Network	THETA	1.3	422,700	4.84%	1401/04/2 16:57
53	فایل کوین	Filecoin	FIL	5.82	1,892,300	3.01%	1401/04/2 17:01
55	تزوس	Tezos	XTZ	1.42	461,700	3.65%	1401/04/2 17:00
56	د سندباکس	The Sandbox	SAND	1.01	328,400	5.37%	1401/04/2 17:01
57	هلیوم	Helium	HNT	10.54	3,426,900	3.84%	1401/04/2 16:59
58	ترو یو اس دی	TrueUSD	TUSD	1.0	325,100	0.00%	1401/04/2 14:18
59	بیت کوین اس وی	Bitcoin SV	BSV	63.01	20,486,400	0.67%	1401/04/2 16:59
60	اکسی اینفینیتی	Axie Infinity	AXS	14.7	4,779,400	4.33%	1401/04/2 17:01
61	رپد ان بی ان	Wrapped BNB	WBNB	226.24	73,557,400	4.35%	1401/04/2 16:57
62	کوکوین توکن	KuCoin Token	KCS	10.46	3,400,900	0.86%	1401/04/2 16:57
63	ایاس	EOS	EOS	0.96466	313,600	3.18%	1401/04/2 17:01
64	زد کش	Zcash	ZEC	64.86	21,087,900	0.17%	1401/04/2 17:01
65	پکس دالر	Pax Dollar	USDP	0.999458	325,000	0.12%	1401/04/2 17:01
66	آوه	Aave	AAVE	68.32	22,212,900	6.15%	1401/04/2 17:01
67	میکر	Maker	MKR	940.17	305,677,500	1.51%	1401/04/2 17:01
69	میوتا	IOTA	MIOTA	0.299069	97,200	2.38%	1401/04/2 17:01
70	هوبی بی تی اس	Huobi BTC	HBTC	20633.45	6,708,553,600	2.40%	1401/04/2 16:57
71	هوبی توکن	Huobi Token	HT	5.21	1,693,900	1.17%	1401/04/2 16:57
74	نوترینو یو اس دی	Neutrino USD	USDN	0.995264	323,600	0.43%	1401/04/2 16:59
75	 د گراف	The Graph	GRT	0.1135	36,900	6.44%	1401/04/2 17:01
78	لیکوییتی یو اس دی 	Liquity USD	LUSD	1.02	331,600	0.00%	1401/04/2 11:43
80	کلیتن	Klaytn	KLAY	0.24824	80,700	0.30%	1401/04/2 17:01
81	USDD	USDD	USDD	0.97584	317,300	0.32%	1401/04/2 17:01
83	فانتوم	Fantom	FTM	0.271926	88,400	4.26%	1401/04/2 17:01
84	اوکی بی	OKB	OKB	11.41	3,709,700	1.42%	1401/04/2 16:59
85	ثور چین	THORChain	RUNE	2.05	666,500	14.53%	1401/04/2 16:57
86	ویوز	Waves	WAVES	6.24	2,028,800	0.16%	1401/04/2 17:00
87	کوانت	Quant	QNT	55.0	17,882,200	0.66%	1401/04/2 17:01
88	نئو	Neo	NEO	9.24	3,004,200	2.78%	1401/04/2 17:00
89	پکس گلد	PAX Gold	PAXG	1834.74	596,529,000	0.44%	1401/04/2 17:01
90	بیسیک اتنشن توکن	Basic Attention Token	BAT	0.38777	126,100	3.88%	1401/04/2 17:01
91	چیلیز	Chiliz	CHZ	0.096192	31,300	3.58%	1401/04/2 17:01
92	لوپرینگ	Loopring	LRC	0.40117	130,400	4.21%	1401/04/2 17:01
93	زیلیکا	Zilliqa	ZIL	0.041078	13,400	3.41%	1401/04/2 17:01
94	استیکس	Stacks	STX	0.392807	127,700	2.24%	1401/04/2 17:01
95	دیفای چین	DeFiChain	DFI	1.0	325,100	1.07%	1401/04/2 16:45
96	دش	Dash	DASH	47.41	15,414,400	3.29%	1401/04/2 17:01
98	BitTorrent	BitTorrent	BTTOLD	0.000494	200	0.41%	1401/04/2 16:45
99	پنکیک سواپ	PancakeSwap	CAKE	3.21	1,043,700	4.56%	1401/04/2 17:01

0	بیت کوین	Bitcoin	BTC	20596.6	6,697,190,500	2.14%	1401/04/2 17:44
1	اتریوم	Ethereum	ETH	1118.41	363,662,200	3.74%	1401/04/2 17:44
2	بایننس کوین	Binance Coin	BNB	226.16	73,538,200	4.28%	1401/04/2 17:44
3	تتر	Tether	USDT	0.999146	324,470	0.02%	1401/04/2 17:44
4	یو اس دی کوین	USD Coin	USDC	1.0	325,200	0.00%	1401/04/2 17:44
5	BNB	BNB	BNB	226.16	73,538,200	4.28%	1401/04/2 17:44
6	بایننس یو اس دی	Binance USD	BUSD	0.999373	325,000	0.05%	1401/04/2 17:44
7	کاردانو	Cardano	ADA	0.47218	153,500	0.78%	1401/04/2 17:44
8	ریپل	Ripple	XRP	0.328748	106,900	1.86%	1401/04/2 17:44
9	سولانا	Solana	SOL	36.58	11,894,400	6.15%	1401/04/2 17:44
11	دوج کوین	Dogecoin	DOGE	0.063907	20,800	2.26%	1401/04/2 17:44
12	پولکا دات	Polkadot	DOT	7.67	2,494,000	1.19%	1401/04/2 17:44
13	هگز	HEX	HEX	0.041543	13,500	0.12%	1401/04/2 17:42
15	دای	Dai	DAI	1.0	325,200	0.03%	1401/04/2 15:45
16	Wrapped TRON	Wrapped TRON	WTRX	0.064079	20,800	0.71%	1401/04/2 12:56
17	ترون	TRON	TRX	0.06378	20,700	0.21%	1401/04/2 17:44
19	یو ان یو اس سد لئو	UNUS SED LEO	LEO	5.99	1,947,700	3.99%	1401/04/2 17:44
20	شیبا اینو	SHIBA INU	SHIB	1e-05	3	11.11%	1401/04/2 17:44
21	رپد بیت کوین	Wrapped Bitcoin	WBTC	20582.43	6,692,582,900	2.07%	1401/04/2 17:44
22	آوالانچ	Avalanche	AVAX	17.62	5,729,300	7.31%	1401/04/2 17:44
24	یوکَش	yOUcash	YOUC	0.500111	162,600	0.02%	1401/04/2 17:42
25	پالیگان	Polygon	MATIC	0.507462	165,000	9.63%	1401/04/2 17:44
26	یونی سواپ	Uniswap	UNI	5.51	1,791,600	6.37%	1401/04/2 17:44
27	لایت کوین	Litecoin	LTC	54.66	17,773,200	5.22%	1401/04/2 17:44
28	Lido Staked ETH	Lido Staked ETH	STETH	1063.04	345,658,100	4.33%	1401/04/2 17:42
29	اف تی ایکس توکن	FTX Token	FTT	25.78	8,382,600	0.70%	1401/04/2 17:44
30	چین لینک	Chainlink	LINK	6.96	2,263,100	4.82%	1401/04/2 17:44
31	Cronos	Cronos	CRO	0.118603	38,600	2.75%	1401/04/2 17:44
32	استلار	Stellar	XLM	0.118228	38,400	4.01%	1401/04/2 17:44
34	نیر پروتکل	NEAR Protocol	NEAR	3.47	1,128,300	3.89%	1401/04/2 17:41
35	بیت تورنت	BitTorrent	BTT	0.002329	800	0.00%	1401/04/2 17:44
36	الگوراند	Algorand	ALGO	0.323984	105,300	0.97%	1401/04/2 17:44
37	بیت کوین کش	Bitcoin Cash	BCH	116.79	37,975,400	1.57%	1401/04/2 17:44
38	کازماز	Cosmos	ATOM	7.59	2,468,000	3.41%	1401/04/2 17:44
39	بیتکوین بی ای پی 2	Bitcoin BEP2	BTCB	20615.99	6,703,495,300	1.92%	1401/04/2 17:42
40	مونرو	Monero	XMR	119.18	38,752,600	3.92%	1401/04/2 17:44
41	اتریوم کلاسیک	Ethereum Classic	ETC	15.65	5,088,800	1.69%	1401/04/2 17:44
42	Chain	Chain	XCN	0.087909	28,600	1.16%	1401/04/2 17:42
43	وی چین	VeChain	VET	0.023712	7,700	2.66%	1401/04/2 17:44
44	دیسنترالند	Decentraland	MANA	0.889815	289,300	5.26%	1401/04/2 17:44
45	فلو	Flow	FLOW	1.58	513,800	6.04%	1401/04/2 17:44
46	هدِرا	Hedera	HBAR	0.072538	23,600	0.53%	1401/04/2 17:44
47	فرکس	Frax	FRAX	0.99945	325,000	0.08%	1401/04/2 17:42
48	اینترنت کامپیوتر	Internet Computer	ICP	5.76	1,872,900	3.04%	1401/04/2 17:44
49	الروند	Elrond	EGLD	59.59	19,376,300	0.44%	1401/04/2 17:44
50	Toncoin	Toncoin	TON	1.09	354,400	1.87%	1401/04/2 17:42
51	ایپ کوین	APEcoin	APE	4.35	1,414,400	5.58%	1401/04/2 17:44
52	تتا نتورک	Theta Network	THETA	1.28	416,200	3.23%	1401/04/2 17:28
54	فایل کوین	Filecoin	FIL	5.74	1,866,400	1.59%	1401/04/2 17:44
55	تزوس	Tezos	XTZ	1.41	458,500	2.92%	1401/04/2 17:44
56	د سندباکس	The Sandbox	SAND	0.999982	325,200	4.33%	1401/04/2 17:44
57	هلیوم	Helium	HNT	10.4	3,381,700	2.46%	1401/04/2 17:44
58	ترو یو اس دی	TrueUSD	TUSD	1.0	325,200	0.00%	1401/04/2 14:18
59	بیت کوین اس وی	Bitcoin SV	BSV	62.83	20,429,800	0.38%	1401/04/2 17:44
60	اکسی اینفینیتی	Axie Infinity	AXS	14.61	4,750,600	3.69%	1401/04/2 17:41
61	رپد ان بی ان	Wrapped BNB	WBNB	225.61	73,359,300	4.06%	1401/04/2 17:42
62	کوکوین توکن	KuCoin Token	KCS	10.42	3,388,200	1.25%	1401/04/2 17:41
63	ایاس	EOS	EOS	0.957599	311,400	2.43%	1401/04/2 17:44
64	زد کش	Zcash	ZEC	64.44	20,953,300	0.48%	1401/04/2 17:44
65	پکس دالر	Pax Dollar	USDP	0.999275	324,900	0.10%	1401/04/2 17:44
66	آوه	Aave	AAVE	67.61	21,984,100	5.05%	1401/04/2 17:44
67	میکر	Maker	MKR	939.65	305,536,600	1.45%	1401/04/2 17:44
69	میوتا	IOTA	MIOTA	0.298772	97,100	2.49%	1401/04/2 17:44
70	هوبی توکن	Huobi Token	HT	5.2	1,690,800	0.97%	1401/04/2 17:41
71	هوبی بی تی اس	Huobi BTC	HBTC	20556.07	6,684,011,700	2.02%	1401/04/2 17:42
74	نوترینو یو اس دی	Neutrino USD	USDN	0.995394	323,700	0.45%	1401/04/2 17:44
75	 د گراف	The Graph	GRT	0.112241	36,500	5.26%	1401/04/2 17:44
80	کلیتن	Klaytn	KLAY	0.247084	80,300	0.77%	1401/04/2 17:44
81	USDD	USDD	USDD	0.97532	317,100	0.26%	1401/04/2 17:44
83	اوکی بی	OKB	OKB	11.39	3,703,600	1.24%	1401/04/2 17:44
84	فانتوم	Fantom	FTM	0.266282	86,600	2.09%	1401/04/2 17:44
85	ویوز	Waves	WAVES	6.17	2,006,200	1.30%	1401/04/2 17:44
86	ثور چین	THORChain	RUNE	2.01	653,600	12.29%	1401/04/2 17:44
87	کوانت	Quant	QNT	54.91	17,854,500	0.49%	1401/04/2 17:41
88	نئو	Neo	NEO	9.18	2,985,000	2.11%	1401/04/2 17:44
89	پکس گلد	PAX Gold	PAXG	1836.82	597,260,400	0.32%	1401/04/2 17:44
90	چیلیز	Chiliz	CHZ	0.095217	31,000	2.53%	1401/04/2 17:44
91	بیسیک اتنشن توکن	Basic Attention Token	BAT	0.381415	124,000	2.18%	1401/04/2 17:44
92	لوپرینگ	Loopring	LRC	0.396229	128,800	2.93%	1401/04/2 17:44
93	زیلیکا	Zilliqa	ZIL	0.040857	13,300	2.85%	1401/04/2 17:44
94	استیکس	Stacks	STX	0.387693	126,100	0.91%	1401/04/2 17:44
95	دیفای چین	DeFiChain	DFI	0.999538	325,000	1.02%	1401/04/2 17:42
97	دش	Dash	DASH	47.26	15,367,100	2.96%	1401/04/2 17:44
98	پنکیک سواپ	PancakeSwap	CAKE	3.21	1,043,800	4.56%	1401/04/2 17:44
99	BitTorrent	BitTorrent	BTTOLD	0.000495	200	0.61%	1401/04/2 17:42

0	بیت کوین	Bitcoin	BTC	20426.47	6,647,386,100	1.30%	1401/04/2 18:44
1	اتریوم	Ethereum	ETH	1104.46	359,424,400	2.45%	1401/04/2 18:44
2	بایننس کوین	Binance Coin	BNB	224.17	72,951,600	3.37%	1401/04/2 18:44
3	تتر	Tether	USDT	0.999144	324,990	0.02%	1401/04/2 18:44
4	یو اس دی کوین	USD Coin	USDC	0.999958	325,400	0.00%	1401/04/2 18:44
5	BNB	BNB	BNB	224.17	72,951,600	3.37%	1401/04/2 18:43
6	بایننس یو اس دی	Binance USD	BUSD	0.999115	325,100	0.08%	1401/04/2 18:43
7	کاردانو	Cardano	ADA	0.467391	152,100	0.24%	1401/04/2 18:44
8	ریپل	Ripple	XRP	0.325753	106,000	0.93%	1401/04/2 18:44
9	سولانا	Solana	SOL	36.23	11,790,300	5.14%	1401/04/2 18:44
11	دوج کوین	Dogecoin	DOGE	0.062956	20,500	0.73%	1401/04/2 18:44
12	پولکا دات	Polkadot	DOT	7.58	2,466,800	0.00%	1401/04/2 18:44
13	هگز	HEX	HEX	0.041395	13,500	0.24%	1401/04/2 18:32
15	دای	Dai	DAI	0.999858	325,400	0.01%	1401/04/2 18:43
17	ترون	TRON	TRX	0.0631	20,500	0.86%	1401/04/2 18:44
19	یو ان یو اس سد لئو	UNUS SED LEO	LEO	5.99	1,949,300	3.99%	1401/04/2 18:42
20	شیبا اینو	SHIBA INU	SHIB	1e-05	3	11.11%	1401/04/2 18:44
21	رپد بیت کوین	Wrapped Bitcoin	WBTC	20436.12	6,650,526,500	1.35%	1401/04/2 18:43
22	آوالانچ	Avalanche	AVAX	17.37	5,652,700	5.79%	1401/04/2 18:44
24	یوکَش	yOUcash	YOUC	0.500099	162,700	0.02%	1401/04/2 18:31
25	پالیگان	Polygon	MATIC	0.512664	166,800	10.75%	1401/04/2 18:43
26	یونی سواپ	Uniswap	UNI	5.44	1,770,300	5.02%	1401/04/2 18:44
27	لایت کوین	Litecoin	LTC	54.32	17,677,400	4.56%	1401/04/2 18:44
28	Lido Staked ETH	Lido Staked ETH	STETH	1058.19	344,366,800	3.86%	1401/04/2 18:32
29	اف تی ایکس توکن	FTX Token	FTT	25.45	8,282,200	0.59%	1401/04/2 18:43
30	چین لینک	Chainlink	LINK	6.84	2,225,900	3.01%	1401/04/2 18:44
31	Cronos	Cronos	CRO	0.117433	38,200	1.73%	1401/04/2 18:43
32	استلار	Stellar	XLM	0.11736	38,200	3.25%	1401/04/2 18:44
34	نیر پروتکل	NEAR Protocol	NEAR	3.4	1,106,500	1.80%	1401/04/2 18:43
35	بیت تورنت	BitTorrent	BTT	0.002329	800	0.00%	1401/04/2 18:44
36	الگوراند	Algorand	ALGO	0.320659	104,400	0.07%	1401/04/2 18:43
37	بیت کوین کش	Bitcoin Cash	BCH	115.51	37,590,400	0.45%	1401/04/2 18:44
38	کازماز	Cosmos	ATOM	7.53	2,450,500	2.59%	1401/04/2 18:44
39	بیتکوین بی ای پی 2	Bitcoin BEP2	BTCB	20533.5	6,682,216,900	1.52%	1401/04/2 18:32
40	مونرو	Monero	XMR	117.6	38,270,600	2.55%	1401/04/2 18:44
41	اتریوم کلاسیک	Ethereum Classic	ETC	15.49	5,040,900	0.65%	1401/04/2 18:44
42	Chain	Chain	XCN	0.087683	28,500	1.43%	1401/04/2 18:32
43	وی چین	VeChain	VET	0.023417	7,600	1.39%	1401/04/2 18:43
44	دیسنترالند	Decentraland	MANA	0.878386	285,900	3.91%	1401/04/2 18:43
45	فلو	Flow	FLOW	1.56	507,700	4.70%	1401/04/2 18:44
46	هدِرا	Hedera	HBAR	0.07127	23,200	1.24%	1401/04/2 18:43
47	فرکس	Frax	FRAX	0.998945	325,100	0.03%	1401/04/2 18:31
48	اینترنت کامپیوتر	Internet Computer	ICP	5.66	1,841,900	1.25%	1401/04/2 18:43
49	Toncoin	Toncoin	TON	1.09	354,700	1.87%	1401/04/2 17:42
50	الروند	Elrond	EGLD	58.71	19,106,000	1.06%	1401/04/2 18:44
52	ایپ کوین	APEcoin	APE	4.22	1,373,300	2.43%	1401/04/2 18:43
53	تتا نتورک	Theta Network	THETA	1.26	410,000	1.61%	1401/04/2 18:33
54	فایل کوین	Filecoin	FIL	5.65	1,838,700	0.00%	1401/04/2 18:44
55	تزوس	Tezos	XTZ	1.39	452,300	1.46%	1401/04/2 18:44
56	د سندباکس	The Sandbox	SAND	0.987835	321,500	3.06%	1401/04/2 18:44
57	هلیوم	Helium	HNT	10.15	3,303,100	0.00%	1401/04/2 18:43
58	ترو یو اس دی	TrueUSD	TUSD	1.0	325,400	0.00%	1401/04/2 18:38
59	بیت کوین اس وی	Bitcoin SV	BSV	62.84	20,450,000	0.40%	1401/04/2 18:43
60	اکسی اینفینیتی	Axie Infinity	AXS	14.34	4,666,700	1.77%	1401/04/2 18:43
61	رپد ان بی ان	Wrapped BNB	WBNB	224.85	73,172,900	3.71%	1401/04/2 17:45
62	کوکوین توکن	KuCoin Token	KCS	10.31	3,355,200	2.33%	1401/04/2 18:43
63	پکس دالر	Pax Dollar	USDP	1.0	325,400	0.17%	1401/04/2 18:07
64	ایاس	EOS	EOS	0.948925	308,800	1.50%	1401/04/2 18:44
65	زد کش	Zcash	ZEC	63.53	20,674,600	1.92%	1401/04/2 18:44
66	آوه	Aave	AAVE	65.71	21,384,000	2.10%	1401/04/2 18:43
67	میکر	Maker	MKR	929.28	302,415,600	0.33%	1401/04/2 18:44
69	میوتا	IOTA	MIOTA	0.294025	95,700	4.14%	1401/04/2 18:43
70	هوبی توکن	Huobi Token	HT	5.24	1,705,300	1.75%	1401/04/2 18:38
72	هوبی بی تی اس	Huobi BTC	HBTC	20472.71	6,662,434,000	1.60%	1401/04/2 18:32
74	نوترینو یو اس دی	Neutrino USD	USDN	0.992955	323,100	0.20%	1401/04/2 18:43
75	 د گراف	The Graph	GRT	0.110981	36,100	4.08%	1401/04/2 18:43
80	کلیتن	Klaytn	KLAY	0.245117	79,800	1.58%	1401/04/2 18:43
81	USDD	USDD	USDD	0.975438	317,400	0.28%	1401/04/2 18:43
83	اوکی بی	OKB	OKB	11.31	3,680,600	0.53%	1401/04/2 18:43
84	فانتوم	Fantom	FTM	0.264566	86,100	1.43%	1401/04/2 18:44
85	ویوز	Waves	WAVES	6.07	1,975,400	2.97%	1401/04/2 18:44
86	ثور چین	THORChain	RUNE	1.99	647,600	11.17%	1401/04/2 18:38
87	کوانت	Quant	QNT	54.15	17,622,000	0.90%	1401/04/2 18:43
88	نئو	Neo	NEO	9.09	2,958,200	1.11%	1401/04/2 18:44
89	پکس گلد	PAX Gold	PAXG	1841.39	599,243,500	0.07%	1401/04/2 18:43
90	بیسیک اتنشن توکن	Basic Attention Token	BAT	0.378547	123,200	1.41%	1401/04/2 18:43
91	چیلیز	Chiliz	CHZ	0.094143	30,600	1.38%	1401/04/2 18:43
92	لوپرینگ	Loopring	LRC	0.392614	127,800	1.99%	1401/04/2 18:44
93	زیلیکا	Zilliqa	ZIL	0.039932	13,000	0.53%	1401/04/2 18:43
95	دیفای چین	DeFiChain	DFI	0.995121	323,800	0.57%	1401/04/2 18:32
96	دش	Dash	DASH	46.67	15,187,800	1.68%	1401/04/2 18:44
97	استیکس	Stacks	STX	0.381711	124,200	0.65%	1401/04/2 18:43
98	BitTorrent	BitTorrent	BTTOLD	0.000494	200	0.41%	1401/04/2 18:32
99	پنکیک سواپ	PancakeSwap	CAKE	3.16	1,028,400	2.93%	1401/04/2 18:44

0	بیت کوین	Bitcoin	BTC	20542.64	6,688,889,000	1.88%	1401/04/2 19:45
1	اتریوم	Ethereum	ETH	1106.34	360,235,400	2.62%	1401/04/2 19:45
2	بایننس کوین	Binance Coin	BNB	226.78	73,841,800	4.57%	1401/04/2 19:45
3	تتر	Tether	USDT	0.999256	325,030	0.03%	1401/04/2 19:45
4	یو اس دی کوین	USD Coin	USDC	0.999934	325,600	0.01%	1401/04/2 19:45
5	BNB	BNB	BNB	226.78	73,841,800	4.57%	1401/04/2 19:44
6	بایننس یو اس دی	Binance USD	BUSD	0.999467	325,400	0.04%	1401/04/2 19:44
7	کاردانو	Cardano	ADA	0.469881	153,000	0.29%	1401/04/2 19:45
8	ریپل	Ripple	XRP	0.326768	106,400	1.25%	1401/04/2 19:45
9	سولانا	Solana	SOL	37.03	12,057,300	7.46%	1401/04/2 19:45
11	دوج کوین	Dogecoin	DOGE	0.063531	20,700	1.65%	1401/04/2 19:45
12	پولکا دات	Polkadot	DOT	7.62	2,481,100	0.53%	1401/04/2 19:45
13	هگز	HEX	HEX	0.041284	13,400	0.51%	1401/04/2 19:37
15	دای	Dai	DAI	0.999904	325,600	0.02%	1401/04/2 19:44
17	ترون	TRON	TRX	0.062987	20,500	1.04%	1401/04/2 19:45
19	یو ان یو اس سد لئو	UNUS SED LEO	LEO	6.01	1,956,900	4.34%	1401/04/2 19:44
20	شیبا اینو	SHIBA INU	SHIB	1e-05	3	11.11%	1401/04/2 19:45
21	رپد بیت کوین	Wrapped Bitcoin	WBTC	20500.28	6,675,096,200	1.66%	1401/04/2 19:44
22	آوالانچ	Avalanche	AVAX	17.4	5,665,600	5.97%	1401/04/2 19:45
24	یوکَش	yOUcash	YOUC	0.500137	162,800	0.02%	1401/04/2 19:37
25	یونی سواپ	Uniswap	UNI	5.41	1,761,600	4.44%	1401/04/2 19:45
26	پالیگان	Polygon	MATIC	0.494908	161,100	6.92%	1401/04/2 19:44
27	لایت کوین	Litecoin	LTC	54.76	17,830,400	5.41%	1401/04/2 19:45
28	Lido Staked ETH	Lido Staked ETH	STETH	1054.78	343,446,900	3.52%	1401/04/2 19:37
29	اف تی ایکس توکن	FTX Token	FTT	25.73	8,377,900	0.51%	1401/04/2 19:44
30	چین لینک	Chainlink	LINK	6.83	2,223,900	2.86%	1401/04/2 19:45
31	Cronos	Cronos	CRO	0.118247	38,500	2.44%	1401/04/2 19:44
32	استلار	Stellar	XLM	0.117794	38,400	3.63%	1401/04/2 19:45
34	نیر پروتکل	NEAR Protocol	NEAR	3.43	1,116,800	2.69%	1401/04/2 19:44
35	بیت تورنت	BitTorrent	BTT	0.002329	800	0.00%	1401/04/2 19:45
36	الگوراند	Algorand	ALGO	0.326322	106,300	1.69%	1401/04/2 19:44
37	کازماز	Cosmos	ATOM	7.82	2,546,300	6.54%	1401/04/2 19:45
38	بیت کوین کش	Bitcoin Cash	BCH	115.67	37,663,300	0.59%	1401/04/2 19:45
39	مونرو	Monero	XMR	119.43	38,887,600	4.14%	1401/04/2 19:45
40	بیتکوین بی ای پی 2	Bitcoin BEP2	BTCB	20519.12	6,681,230,700	1.45%	1401/04/2 19:37
41	اتریوم کلاسیک	Ethereum Classic	ETC	15.52	5,053,500	0.84%	1401/04/2 19:45
42	Chain	Chain	XCN	0.08739	28,500	1.77%	1401/04/2 19:37
43	وی چین	VeChain	VET	0.023452	7,600	1.54%	1401/04/2 19:44
44	دیسنترالند	Decentraland	MANA	0.883059	287,500	4.46%	1401/04/2 19:44
45	فلو	Flow	FLOW	1.56	508,000	4.70%	1401/04/2 19:45
46	هدِرا	Hedera	HBAR	0.071808	23,400	0.49%	1401/04/2 19:44
47	فرکس	Frax	FRAX	0.998579	325,100	0.01%	1401/04/2 19:37
48	اینترنت کامپیوتر	Internet Computer	ICP	5.69	1,852,700	1.79%	1401/04/2 19:39
49	Toncoin	Toncoin	TON	1.08	351,700	0.93%	1401/04/2 19:30
50	الروند	Elrond	EGLD	58.89	19,175,200	0.75%	1401/04/2 19:45
51	ایپ کوین	APEcoin	APE	4.27	1,390,400	3.64%	1401/04/2 19:39
52	تزوس	Tezos	XTZ	1.41	459,100	2.92%	1401/04/2 19:45
53	تتا نتورک	Theta Network	THETA	1.27	413,500	2.42%	1401/04/2 19:14
55	فایل کوین	Filecoin	FIL	5.69	1,852,700	0.71%	1401/04/2 19:45
56	د سندباکس	The Sandbox	SAND	0.990609	322,600	3.35%	1401/04/2 19:45
57	هلیوم	Helium	HNT	10.27	3,344,000	1.18%	1401/04/2 19:43
58	ترو یو اس دی	TrueUSD	TUSD	1.0	325,600	0.00%	1401/04/2 19:43
59	بیت کوین اس وی	Bitcoin SV	BSV	62.87	20,471,100	0.45%	1401/04/2 19:44
60	اکسی اینفینیتی	Axie Infinity	AXS	14.41	4,692,000	2.27%	1401/04/2 19:44
61	رپد ان بی ان	Wrapped BNB	WBNB	225.74	73,503,200	4.12%	1401/04/2 19:37
62	کوکوین توکن	KuCoin Token	KCS	10.33	3,363,600	2.13%	1401/04/2 19:44
63	پکس دالر	Pax Dollar	USDP	1.0	325,600	0.17%	1401/04/2 19:35
64	ایاس	EOS	EOS	0.953794	310,600	2.02%	1401/04/2 19:45
65	زد کش	Zcash	ZEC	64.01	20,842,300	1.16%	1401/04/2 19:45
66	آوه	Aave	AAVE	66.01	21,493,500	2.56%	1401/04/2 19:43
67	میکر	Maker	MKR	933.1	303,826,700	0.74%	1401/04/2 19:45
69	هوبی توکن	Huobi Token	HT	5.39	1,755,000	4.66%	1401/04/2 19:44
70	میوتا	IOTA	MIOTA	0.294503	95,900	3.97%	1401/04/2 19:44
71	هوبی بی تی اس	Huobi BTC	HBTC	20543.49	6,689,165,800	1.95%	1401/04/2 19:37
74	نوترینو یو اس دی	Neutrino USD	USDN	0.991526	322,900	0.05%	1401/04/2 19:44
75	 د گراف	The Graph	GRT	0.111212	36,200	4.30%	1401/04/2 19:44
76	ای کش	eCash	XEC	3.9e-05	13	5.41%	1401/04/2 19:22
80	کلیتن	Klaytn	KLAY	0.245025	79,800	1.62%	1401/04/2 19:44
81	USDD	USDD	USDD	0.974751	317,400	0.21%	1401/04/2 19:44
83	اوکی بی	OKB	OKB	11.36	3,698,900	0.98%	1401/04/2 19:39
84	فانتوم	Fantom	FTM	0.264843	86,200	1.54%	1401/04/2 19:45
85	ویوز	Waves	WAVES	6.07	1,976,500	2.97%	1401/04/2 19:45
86	کوانت	Quant	QNT	54.36	17,700,200	0.52%	1401/04/2 19:44
87	ثور چین	THORChain	RUNE	1.94	631,700	8.38%	1401/04/2 19:43
88	نئو	Neo	NEO	9.1	2,963,100	1.22%	1401/04/2 19:45
89	پکس گلد	PAX Gold	PAXG	1843.39	600,226,200	0.04%	1401/04/2 19:44
90	چیلیز	Chiliz	CHZ	0.094878	30,900	2.17%	1401/04/2 19:44
91	بیسیک اتنشن توکن	Basic Attention Token	BAT	0.37857	123,300	1.42%	1401/04/2 19:44
92	وراسیتی	Verasity	VRA	0.005378	1,800	1.40%	1401/04/2 19:44
93	لوپرینگ	Loopring	LRC	0.394888	128,600	2.58%	1401/04/2 19:45
94	زیلیکا	Zilliqa	ZIL	0.040145	13,100	1.06%	1401/04/2 19:44
96	دش	Dash	DASH	47.13	15,346,000	2.68%	1401/04/2 19:45
97	دیفای چین	DeFiChain	DFI	0.993876	323,600	0.45%	1401/04/2 19:37
98	استیکس	Stacks	STX	0.384345	125,100	0.04%	1401/04/2 19:44
99	پنکیک سواپ	PancakeSwap	CAKE	3.2	1,042,000	4.23%	1401/04/2 19:45

0	بیت کوین	Bitcoin	BTC	20334.41	6,636,134,700	0.84%	1401/04/2 22:29
1	اتریوم	Ethereum	ETH	1094.45	357,173,800	1.52%	1401/04/2 22:29
2	بایننس کوین	Binance Coin	BNB	223.51	72,942,500	3.06%	1401/04/2 22:29
3	تتر	Tether	USDT	0.999291	325,920	0.03%	1401/04/2 22:29
4	یو اس دی کوین	USD Coin	USDC	1.0	326,400	0.00%	1401/04/2 22:29
5	BNB	BNB	BNB	223.51	72,942,500	3.06%	1401/04/2 22:29
6	بایننس یو اس دی	Binance USD	BUSD	1.0	326,400	0.01%	1401/04/2 22:26
7	کاردانو	Cardano	ADA	0.468738	153,000	0.05%	1401/04/2 22:29
8	ریپل	Ripple	XRP	0.326298	106,500	1.10%	1401/04/2 22:29
9	سولانا	Solana	SOL	37.77	12,326,200	9.61%	1401/04/2 22:29
11	دوج کوین	Dogecoin	DOGE	0.062635	20,400	0.22%	1401/04/2 22:29
12	پولکا دات	Polkadot	DOT	7.53	2,457,400	0.66%	1401/04/2 22:29
13	هگز	HEX	HEX	0.040946	13,400	1.34%	1401/04/2 22:25
15	دای	Dai	DAI	0.999942	326,300	0.02%	1401/04/2 22:29
18	ترون	TRON	TRX	0.062401	20,400	1.99%	1401/04/2 22:29
19	یو ان یو اس سد لئو	UNUS SED LEO	LEO	5.97	1,948,300	3.65%	1401/04/2 22:23
20	شیبا اینو	SHIBA INU	SHIB	9e-06	3	0.00%	1401/04/2 22:29
21	رپد بیت کوین	Wrapped Bitcoin	WBTC	20320.03	6,631,441,800	0.77%	1401/04/2 22:29
22	آوالانچ	Avalanche	AVAX	17.38	5,672,000	5.85%	1401/04/2 22:29
24	یوکَش	yOUcash	YOUC	0.500188	163,200	0.03%	1401/04/2 22:25
25	پالیگان	Polygon	MATIC	0.493747	161,100	6.67%	1401/04/2 22:29
26	لایت کوین	Litecoin	LTC	54.6	17,818,700	5.10%	1401/04/2 22:29
27	یونی سواپ	Uniswap	UNI	5.25	1,713,300	1.35%	1401/04/2 22:29
28	Lido Staked ETH	Lido Staked ETH	STETH	1042.94	340,363,500	2.36%	1401/04/2 22:25
29	اف تی ایکس توکن	FTX Token	FTT	25.37	8,279,500	0.91%	1401/04/2 22:27
30	چین لینک	Chainlink	LINK	6.75	2,202,900	1.66%	1401/04/2 22:29
31	Cronos	Cronos	CRO	0.117754	38,400	2.01%	1401/04/2 22:29
32	استلار	Stellar	XLM	0.115352	37,600	1.48%	1401/04/2 22:29
34	نیر پروتکل	NEAR Protocol	NEAR	3.42	1,116,100	2.40%	1401/04/2 22:27
35	بیت تورنت	BitTorrent	BTT	0.002329	800	0.00%	1401/04/2 22:29
36	کازماز	Cosmos	ATOM	7.89	2,574,900	7.49%	1401/04/2 22:29
37	الگوراند	Algorand	ALGO	0.322184	105,100	0.40%	1401/04/2 22:29
38	بیت کوین کش	Bitcoin Cash	BCH	115.6	37,726,100	0.53%	1401/04/2 22:29
39	مونرو	Monero	XMR	117.94	38,489,700	2.84%	1401/04/2 22:29
40	بیتکوین بی ای پی 2	Bitcoin BEP2	BTCB	20317.78	6,630,707,500	0.45%	1401/04/2 22:25
41	اتریوم کلاسیک	Ethereum Classic	ETC	15.38	5,019,300	0.07%	1401/04/2 22:29
42	Chain	Chain	XCN	0.085882	28,000	3.55%	1401/04/2 22:25
43	وی چین	VeChain	VET	0.023285	7,600	0.81%	1401/04/2 22:29
44	دیسنترالند	Decentraland	MANA	0.867831	283,200	2.66%	1401/04/2 22:29
45	فلو	Flow	FLOW	1.54	502,600	3.36%	1401/04/2 22:29
46	هدِرا	Hedera	HBAR	0.071624	23,400	0.74%	1401/04/2 22:29
47	فرکس	Frax	FRAX	0.998987	326,000	0.03%	1401/04/2 22:25
48	اینترنت کامپیوتر	Internet Computer	ICP	5.66	1,847,100	1.25%	1401/04/2 22:26
49	Toncoin	Toncoin	TON	1.07	349,200	0.00%	1401/04/2 20:41
50	الروند	Elrond	EGLD	58.09	18,957,700	2.13%	1401/04/2 22:29
51	ایپ کوین	APEcoin	APE	4.24	1,383,700	2.91%	1401/04/2 22:27
52	فایل کوین	Filecoin	FIL	5.69	1,856,900	0.71%	1401/04/2 22:29
53	تتا نتورک	Theta Network	THETA	1.26	411,200	1.61%	1401/04/2 22:21
55	تزوس	Tezos	XTZ	1.38	450,400	0.73%	1401/04/2 22:29
56	هلیوم	Helium	HNT	10.24	3,341,800	0.89%	1401/04/2 22:29
57	د سندباکس	The Sandbox	SAND	0.969541	316,400	1.15%	1401/04/2 22:29
58	ترو یو اس دی	TrueUSD	TUSD	1.0	326,400	0.00%	1401/04/2 21:39
59	بیت کوین اس وی	Bitcoin SV	BSV	63.15	20,609,000	0.89%	1401/04/2 22:29
60	اکسی اینفینیتی	Axie Infinity	AXS	14.27	4,657,000	1.28%	1401/04/2 22:29
61	رپد ان بی ان	Wrapped BNB	WBNB	223.24	72,854,400	2.97%	1401/04/2 22:25
62	کوکوین توکن	KuCoin Token	KCS	10.26	3,348,400	2.83%	1401/04/2 22:27
63	پکس دالر	Pax Dollar	USDP	1.0	326,400	0.17%	1401/04/2 20:02
64	ایاس	EOS	EOS	0.944696	308,300	1.05%	1401/04/2 22:29
65	زد کش	Zcash	ZEC	63.35	20,674,300	2.21%	1401/04/2 22:29
66	میکر	Maker	MKR	915.48	298,766,900	1.17%	1401/04/2 22:29
67	آوه	Aave	AAVE	63.32	20,664,500	1.64%	1401/04/2 22:29
69	هوبی توکن	Huobi Token	HT	5.38	1,755,800	4.47%	1401/04/2 22:27
70	میوتا	IOTA	MIOTA	0.290962	95,000	5.24%	1401/04/2 22:29
73	هوبی بی تی اس	Huobi BTC	HBTC	20276.42	6,617,209,700	0.63%	1401/04/2 22:25
74	نوترینو یو اس دی	Neutrino USD	USDN	0.991437	323,600	0.05%	1401/04/2 22:29
75	 د گراف	The Graph	GRT	0.108257	35,300	1.53%	1401/04/2 22:29
77	ای کش	eCash	XEC	3.8e-05	12	2.70%	1401/04/2 19:57
80	USDD	USDD	USDD	0.975007	318,200	0.23%	1401/04/2 22:29
82	کلیتن	Klaytn	KLAY	0.243595	79,500	2.21%	1401/04/2 22:29
83	اوکی بی	OKB	OKB	11.25	3,671,400	0.00%	1401/04/2 22:29
84	فانتوم	Fantom	FTM	0.260731	85,100	0.04%	1401/04/2 22:29
85	ویوز	Waves	WAVES	6.05	1,974,400	3.31%	1401/04/2 22:29
86	کوانت	Quant	QNT	54.38	17,746,900	0.48%	1401/04/2 22:29
87	ثور چین	THORChain	RUNE	1.95	636,400	8.94%	1401/04/2 22:27
88	نئو	Neo	NEO	9.09	2,966,500	1.11%	1401/04/2 22:29
89	پکس گلد	PAX Gold	PAXG	1831.67	597,765,500	0.60%	1401/04/2 22:29
90	چیلیز	Chiliz	CHZ	0.095083	31,000	2.39%	1401/04/2 22:29
91	بیسیک اتنشن توکن	Basic Attention Token	BAT	0.376099	122,700	0.76%	1401/04/2 22:29
92	لوپرینگ	Loopring	LRC	0.393817	128,500	2.30%	1401/04/2 22:29
93	زیلیکا	Zilliqa	ZIL	0.039536	12,900	0.47%	1401/04/2 22:29
95	دش	Dash	DASH	46.9	15,305,800	2.18%	1401/04/2 22:29
96	دیفای چین	DeFiChain	DFI	0.982001	320,500	0.76%	1401/04/2 22:25
97	استیکس	Stacks	STX	0.38027	124,100	1.03%	1401/04/2 22:29
98	پنکیک سواپ	PancakeSwap	CAKE	3.15	1,028,000	2.61%	1401/04/2 22:29

0	بیت کوین	Bitcoin	BTC	20834.9	6,810,720,500	0.97%	1401/04/3 00:26
1	اتریوم	Ethereum	ETH	1121.65	366,656,200	0.96%	1401/04/3 00:26
2	بایننس کوین	Binance Coin	BNB	228.81	74,795,700	1.88%	1401/04/3 00:26
3	تتر	Tether	USDT	0.999309	326,240	0.00%	1401/04/3 00:26
4	یو اس دی کوین	USD Coin	USDC	1.0	326,900	0.00%	1401/04/3 00:26
5	BNB	BNB	BNB	228.81	74,795,700	1.88%	1401/04/3 00:26
6	بایننس یو اس دی	Binance USD	BUSD	1.0	326,900	0.00%	1401/04/3 00:26
7	ریپل	Ripple	XRP	0.331329	108,300	0.51%	1401/04/3 00:26
8	کاردانو	Cardano	ADA	0.472802	154,600	0.30%	1401/04/3 00:26
9	سولانا	Solana	SOL	37.54	12,271,500	1.10%	1401/04/3 00:26
11	دوج کوین	Dogecoin	DOGE	0.063648	20,800	1.27%	1401/04/3 00:26
12	پولکا دات	Polkadot	DOT	7.71	2,520,300	1.31%	1401/04/3 00:26
13	هگز	HEX	HEX	0.042034	13,700	1.59%	1401/04/3 00:25
15	دای	Dai	DAI	1.0	326,900	0.00%	1401/04/3 00:18
16	Wrapped TRON	Wrapped TRON	WTRX	0.064079	20,900	0.00%	1401/04/3 00:20
17	ترون	TRON	TRX	0.06284	20,500	0.52%	1401/04/3 00:26
19	شیبا اینو	SHIBA INU	SHIB	1e-05	3	0.00%	1401/04/3 00:26
20	یو ان یو اس سد لئو	UNUS SED LEO	LEO	5.83	1,905,800	0.69%	1401/04/3 00:26
21	رپد بیت کوین	Wrapped Bitcoin	WBTC	20768.9	6,789,145,700	0.92%	1401/04/3 00:26
22	آوالانچ	Avalanche	AVAX	17.83	5,828,400	1.71%	1401/04/3 00:26
24	پالیگان	Polygon	MATIC	0.537876	175,800	7.78%	1401/04/3 00:26
25	یوکَش	yOUcash	YOUC	0.500201	163,500	0.01%	1401/04/3 00:25
26	یونی سواپ	Uniswap	UNI	5.43	1,775,000	1.88%	1401/04/3 00:26
27	لایت کوین	Litecoin	LTC	55.44	18,122,800	0.65%	1401/04/3 00:26
28	Lido Staked ETH	Lido Staked ETH	STETH	1071.52	350,269,200	1.54%	1401/04/3 00:25
29	اف تی ایکس توکن	FTX Token	FTT	25.98	8,492,600	0.93%	1401/04/3 00:26
30	چین لینک	Chainlink	LINK	6.91	2,258,800	1.17%	1401/04/3 00:26
31	Cronos	Cronos	CRO	0.120216	39,300	0.69%	1401/04/3 00:26
32	استلار	Stellar	XLM	0.116314	38,000	0.79%	1401/04/3 00:26
34	نیر پروتکل	NEAR Protocol	NEAR	3.49	1,140,800	1.16%	1401/04/3 00:21
35	کازماز	Cosmos	ATOM	8.11	2,651,100	1.50%	1401/04/3 00:26
36	بیت تورنت	BitTorrent	BTT	0.002329	800	0.00%	1401/04/3 00:26
37	الگوراند	Algorand	ALGO	0.327837	107,200	0.68%	1401/04/3 00:26
38	بیت کوین کش	Bitcoin Cash	BCH	116.35	38,033,700	0.64%	1401/04/3 00:26
39	مونرو	Monero	XMR	120.53	39,400,100	0.59%	1401/04/3 00:26
40	بیتکوین بی ای پی 2	Bitcoin BEP2	BTCB	20786.91	6,795,033,000	1.60%	1401/04/3 00:25
41	اتریوم کلاسیک	Ethereum Classic	ETC	15.68	5,125,600	0.97%	1401/04/3 00:26
42	Chain	Chain	XCN	0.085766	28,000	0.55%	1401/04/3 00:25
43	وی چین	VeChain	VET	0.023768	7,800	0.96%	1401/04/3 00:26
44	فلو	Flow	FLOW	1.58	516,500	1.28%	1401/04/3 00:26
45	دیسنترالند	Decentraland	MANA	0.878793	287,300	0.96%	1401/04/3 00:26
46	هدِرا	Hedera	HBAR	0.072135	23,600	0.60%	1401/04/3 00:26
47	فرکس	Frax	FRAX	1.0	326,900	0.09%	1401/04/3 00:20
48	اینترنت کامپیوتر	Internet Computer	ICP	5.74	1,876,300	0.53%	1401/04/3 00:26
49	الروند	Elrond	EGLD	59.4	19,417,300	0.92%	1401/04/3 00:26
50	Toncoin	Toncoin	TON	1.08	353,000	0.00%	1401/04/3 00:20
51	ایپ کوین	APEcoin	APE	4.36	1,425,200	0.69%	1401/04/3 00:26
52	فایل کوین	Filecoin	FIL	5.78	1,889,400	0.87%	1401/04/3 00:26
53	تتا نتورک	Theta Network	THETA	1.27	415,200	0.79%	1401/04/3 00:26
55	تزوس	Tezos	XTZ	1.41	460,900	1.44%	1401/04/3 00:26
56	هلیوم	Helium	HNT	10.38	3,393,100	1.27%	1401/04/3 00:26
57	د سندباکس	The Sandbox	SAND	0.990348	323,700	1.00%	1401/04/3 00:26
58	ترو یو اس دی	TrueUSD	TUSD	1.0	326,900	0.00%	1401/04/3 00:20
59	بیت کوین اس وی	Bitcoin SV	BSV	63.73	20,832,700	0.55%	1401/04/3 00:26
60	اکسی اینفینیتی	Axie Infinity	AXS	14.48	4,733,400	0.49%	1401/04/3 00:26
61	رپد ان بی ان	Wrapped BNB	WBNB	228.17	74,586,500	2.09%	1401/04/3 00:25
62	کوکوین توکن	KuCoin Token	KCS	10.47	3,422,500	0.77%	1401/04/3 00:26
63	ایاس	EOS	EOS	0.960205	313,900	0.85%	1401/04/3 00:26
64	پکس دالر	Pax Dollar	USDP	1.0	326,900	0.00%	1401/04/3 00:19
65	زد کش	Zcash	ZEC	64.58	21,110,600	0.97%	1401/04/3 00:26
66	میکر	Maker	MKR	942.92	308,231,100	1.65%	1401/04/3 00:26
67	آوه	Aave	AAVE	65.1	21,280,500	1.51%	1401/04/3 00:26
69	هوبی توکن	Huobi Token	HT	5.39	1,761,900	0.19%	1401/04/3 00:26
70	میوتا	IOTA	MIOTA	0.296034	96,800	0.74%	1401/04/3 00:26
71	هوبی بی تی اس	Huobi BTC	HBTC	20830.04	6,809,131,800	1.41%	1401/04/3 00:25
74	نوترینو یو اس دی	Neutrino USD	USDN	0.993838	324,900	0.11%	1401/04/3 00:26
75	 د گراف	The Graph	GRT	0.110354	36,100	0.96%	1401/04/3 00:26
76	ای کش	eCash	XEC	3.9e-05	13	0.00%	1401/04/3 00:19
78	لیکوییتی یو اس دی 	Liquity USD	LUSD	1.02	333,400	0.00%	1401/04/3 00:19
80	USDD	USDD	USDD	0.974386	318,500	0.05%	1401/04/3 00:26
82	کلیتن	Klaytn	KLAY	0.244288	79,900	0.24%	1401/04/3 00:26
83	اوکی بی	OKB	OKB	11.44	3,739,600	0.44%	1401/04/3 00:26
84	ثور چین	THORChain	RUNE	2.06	673,400	4.57%	1401/04/3 00:26
85	فانتوم	Fantom	FTM	0.265771	86,900	1.04%	1401/04/3 00:26
86	ویوز	Waves	WAVES	6.22	2,033,300	1.80%	1401/04/3 00:26
87	کوانت	Quant	QNT	55.21	18,047,600	0.09%	1401/04/3 00:26
88	نئو	Neo	NEO	9.22	3,013,900	0.66%	1401/04/3 00:26
89	پکس گلد	PAX Gold	PAXG	1831.24	598,614,000	0.02%	1401/04/3 00:26
90	چیلیز	Chiliz	CHZ	0.096392	31,500	1.07%	1401/04/3 00:26
91	بیسیک اتنشن توکن	Basic Attention Token	BAT	0.379694	124,100	0.70%	1401/04/3 00:26
92	لوپرینگ	Loopring	LRC	0.398209	130,200	0.44%	1401/04/3 00:26
93	زیلیکا	Zilliqa	ZIL	0.040442	13,200	0.86%	1401/04/3 00:26
94	دش	Dash	DASH	47.5	15,527,300	0.21%	1401/04/3 00:26
96	استیکس	Stacks	STX	0.386371	126,300	1.02%	1401/04/3 00:26
97	دیفای چین	DeFiChain	DFI	0.997868	326,200	1.26%	1401/04/3 00:25
98	پنکیک سواپ	PancakeSwap	CAKE	3.22	1,052,600	1.58%	1401/04/3 00:26

0	بیت کوین	Bitcoin	BTC	20843.07	6,812,349,000	1.01%	1401/04/3 00:30
1	اتریوم	Ethereum	ETH	1121.54	366,564,100	0.96%	1401/04/3 00:30
2	بایننس کوین	Binance Coin	BNB	228.63	74,725,400	1.80%	1401/04/3 00:30
3	تتر	Tether	USDT	0.99927	326,290	0.00%	1401/04/3 00:30
4	یو اس دی کوین	USD Coin	USDC	1.0	326,800	0.00%	1401/04/3 00:30
5	BNB	BNB	BNB	228.63	74,725,400	1.80%	1401/04/3 00:29
6	بایننس یو اس دی	Binance USD	BUSD	1.0	326,800	0.00%	1401/04/3 00:29
7	ریپل	Ripple	XRP	0.332382	108,600	0.83%	1401/04/3 00:30
8	کاردانو	Cardano	ADA	0.47307	154,600	0.36%	1401/04/3 00:30
9	سولانا	Solana	SOL	37.46	12,243,400	0.89%	1401/04/3 00:30
11	دوج کوین	Dogecoin	DOGE	0.063679	20,800	1.32%	1401/04/3 00:30
12	پولکا دات	Polkadot	DOT	7.7	2,516,700	1.18%	1401/04/3 00:30
13	هگز	HEX	HEX	0.042034	13,700	1.59%	1401/04/3 00:25
15	دای	Dai	DAI	1.0	326,800	0.00%	1401/04/3 00:18
16	Wrapped TRON	Wrapped TRON	WTRX	0.064079	20,900	0.00%	1401/04/3 00:20
17	ترون	TRON	TRX	0.062789	20,500	0.44%	1401/04/3 00:30
19	شیبا اینو	SHIBA INU	SHIB	1e-05	3	0.00%	1401/04/3 00:30
20	یو ان یو اس سد لئو	UNUS SED LEO	LEO	5.84	1,908,700	0.51%	1401/04/3 00:27
21	رپد بیت کوین	Wrapped Bitcoin	WBTC	20793.26	6,796,069,100	1.04%	1401/04/3 00:29
22	آوالانچ	Avalanche	AVAX	17.86	5,837,400	1.88%	1401/04/3 00:30
24	پالیگان	Polygon	MATIC	0.53825	175,900	7.86%	1401/04/3 00:29
25	یوکَش	yOUcash	YOUC	0.500201	163,500	0.01%	1401/04/3 00:25
26	یونی سواپ	Uniswap	UNI	5.41	1,768,200	1.50%	1401/04/3 00:30
27	لایت کوین	Litecoin	LTC	55.47	18,129,800	0.71%	1401/04/3 00:30
28	Lido Staked ETH	Lido Staked ETH	STETH	1071.52	350,215,600	1.54%	1401/04/3 00:25
29	اف تی ایکس توکن	FTX Token	FTT	25.93	8,475,000	0.74%	1401/04/3 00:29
30	چین لینک	Chainlink	LINK	6.91	2,258,500	1.17%	1401/04/3 00:30
31	Cronos	Cronos	CRO	0.120254	39,300	0.72%	1401/04/3 00:29
32	استلار	Stellar	XLM	0.116715	38,100	1.14%	1401/04/3 00:30
34	نیر پروتکل	NEAR Protocol	NEAR	3.49	1,140,700	1.16%	1401/04/3 00:21
35	کازماز	Cosmos	ATOM	8.09	2,644,100	1.25%	1401/04/3 00:30
36	بیت تورنت	BitTorrent	BTT	0.002329	800	0.00%	1401/04/3 00:30
37	الگوراند	Algorand	ALGO	0.326268	106,600	0.19%	1401/04/3 00:29
38	بیت کوین کش	Bitcoin Cash	BCH	116.35	38,027,800	0.64%	1401/04/3 00:30
39	مونرو	Monero	XMR	120.71	39,452,900	0.74%	1401/04/3 00:30
40	بیتکوین بی ای پی 2	Bitcoin BEP2	BTCB	20786.91	6,793,993,700	1.60%	1401/04/3 00:25
41	اتریوم کلاسیک	Ethereum Classic	ETC	15.66	5,118,300	0.84%	1401/04/3 00:30
42	Chain	Chain	XCN	0.085766	28,000	0.55%	1401/04/3 00:25
43	وی چین	VeChain	VET	0.023766	7,800	0.95%	1401/04/3 00:29
44	فلو	Flow	FLOW	1.58	516,400	1.28%	1401/04/3 00:30
45	دیسنترالند	Decentraland	MANA	0.879469	287,400	1.04%	1401/04/3 00:29
46	هدِرا	Hedera	HBAR	0.072173	23,600	0.65%	1401/04/3 00:29
47	فرکس	Frax	FRAX	1.0	326,800	0.09%	1401/04/3 00:20
48	اینترنت کامپیوتر	Internet Computer	ICP	5.75	1,879,300	0.70%	1401/04/3 00:29
49	الروند	Elrond	EGLD	59.32	19,388,100	0.78%	1401/04/3 00:30
50	Toncoin	Toncoin	TON	1.08	353,000	0.00%	1401/04/3 00:20
51	ایپ کوین	APEcoin	APE	4.38	1,431,600	1.15%	1401/04/3 00:29
52	فایل کوین	Filecoin	FIL	5.78	1,889,100	0.87%	1401/04/3 00:30
53	تتا نتورک	Theta Network	THETA	1.28	418,400	1.59%	1401/04/3 00:27
55	تزوس	Tezos	XTZ	1.41	460,800	1.44%	1401/04/3 00:30
56	هلیوم	Helium	HNT	10.39	3,395,900	1.37%	1401/04/3 00:29
57	د سندباکس	The Sandbox	SAND	0.992706	324,500	1.24%	1401/04/3 00:30
58	ترو یو اس دی	TrueUSD	TUSD	1.0	326,800	0.00%	1401/04/3 00:20
59	بیت کوین اس وی	Bitcoin SV	BSV	63.68	20,813,200	0.47%	1401/04/3 00:29
60	اکسی اینفینیتی	Axie Infinity	AXS	14.49	4,735,900	0.56%	1401/04/3 00:27
61	رپد ان بی ان	Wrapped BNB	WBNB	228.17	74,575,100	2.09%	1401/04/3 00:25
62	کوکوین توکن	KuCoin Token	KCS	10.48	3,425,300	0.87%	1401/04/3 00:29
63	ایاس	EOS	EOS	0.960378	313,900	0.86%	1401/04/3 00:30
64	پکس دالر	Pax Dollar	USDP	1.0	326,800	0.00%	1401/04/3 00:19
65	زد کش	Zcash	ZEC	64.54	21,094,300	0.91%	1401/04/3 00:30
66	میکر	Maker	MKR	942.38	308,007,500	1.59%	1401/04/3 00:30
67	آوه	Aave	AAVE	65.12	21,283,800	1.54%	1401/04/3 00:29
69	هوبی توکن	Huobi Token	HT	5.4	1,764,900	0.37%	1401/04/3 00:29
70	میوتا	IOTA	MIOTA	0.295635	96,600	0.60%	1401/04/3 00:29
71	هوبی بی تی اس	Huobi BTC	HBTC	20830.04	6,808,090,300	1.41%	1401/04/3 00:25
74	نوترینو یو اس دی	Neutrino USD	USDN	0.99336	324,700	0.06%	1401/04/3 00:29
75	 د گراف	The Graph	GRT	0.110172	36,000	0.79%	1401/04/3 00:29
76	ای کش	eCash	XEC	3.9e-05	13	0.00%	1401/04/3 00:19
78	لیکوییتی یو اس دی 	Liquity USD	LUSD	1.02	333,400	0.00%	1401/04/3 00:19
80	USDD	USDD	USDD	0.975602	318,900	0.08%	1401/04/3 00:29
82	کلیتن	Klaytn	KLAY	0.244674	80,000	0.40%	1401/04/3 00:29
83	اوکی بی	OKB	OKB	11.42	3,732,500	0.26%	1401/04/3 00:29
84	ثور چین	THORChain	RUNE	2.06	673,300	4.57%	1401/04/3 00:27
85	فانتوم	Fantom	FTM	0.265585	86,800	0.97%	1401/04/3 00:30
86	ویوز	Waves	WAVES	6.22	2,032,900	1.80%	1401/04/3 00:30
87	کوانت	Quant	QNT	55.2	18,041,600	0.07%	1401/04/3 00:29
88	نئو	Neo	NEO	9.22	3,013,500	0.66%	1401/04/3 00:30
89	پکس گلد	PAX Gold	PAXG	1830.9	598,411,400	0.04%	1401/04/3 00:29
90	چیلیز	Chiliz	CHZ	0.096355	31,500	1.03%	1401/04/3 00:29
91	بیسیک اتنشن توکن	Basic Attention Token	BAT	0.380341	124,300	0.87%	1401/04/3 00:29
92	لوپرینگ	Loopring	LRC	0.398255	130,200	0.45%	1401/04/3 00:30
93	زیلیکا	Zilliqa	ZIL	0.040455	13,200	0.89%	1401/04/3 00:29
94	دش	Dash	DASH	47.55	15,541,200	0.32%	1401/04/3 00:30
96	استیکس	Stacks	STX	0.38788	126,800	1.42%	1401/04/3 00:29
97	دیفای چین	DeFiChain	DFI	0.997868	326,100	1.26%	1401/04/3 00:25
98	پنکیک سواپ	PancakeSwap	CAKE	3.22	1,052,400	1.58%	1401/04/3 00:30

0	بیت کوین	Bitcoin	BTC	20855.6	6,814,358,700	1.07%	1401/04/3 00:31
1	اتریوم	Ethereum	ETH	1122.47	366,755,800	1.04%	1401/04/3 00:31
2	بایننس کوین	Binance Coin	BNB	228.82	74,764,600	1.88%	1401/04/3 00:31
3	تتر	Tether	USDT	0.999281	326,380	0.00%	1401/04/3 00:31
4	یو اس دی کوین	USD Coin	USDC	1.0	326,700	0.00%	1401/04/3 00:31
5	BNB	BNB	BNB	228.82	74,764,600	1.88%	1401/04/3 00:31
6	بایننس یو اس دی	Binance USD	BUSD	1.0	326,700	0.00%	1401/04/3 00:29
7	ریپل	Ripple	XRP	0.33243	108,600	0.85%	1401/04/3 00:31
8	کاردانو	Cardano	ADA	0.473468	154,700	0.44%	1401/04/3 00:31
9	سولانا	Solana	SOL	37.51	12,256,000	1.02%	1401/04/3 00:31
11	دوج کوین	Dogecoin	DOGE	0.063704	20,800	1.36%	1401/04/3 00:31
12	پولکا دات	Polkadot	DOT	7.7	2,515,900	1.18%	1401/04/3 00:31
13	هگز	HEX	HEX	0.042034	13,700	1.59%	1401/04/3 00:25
15	دای	Dai	DAI	1.0	326,700	0.00%	1401/04/3 00:18
16	Wrapped TRON	Wrapped TRON	WTRX	0.064079	20,900	0.00%	1401/04/3 00:20
17	ترون	TRON	TRX	0.062887	20,500	0.60%	1401/04/3 00:31
19	شیبا اینو	SHIBA INU	SHIB	1e-05	3	0.00%	1401/04/3 00:31
20	یو ان یو اس سد لئو	UNUS SED LEO	LEO	5.84	1,908,200	0.51%	1401/04/3 00:27
21	رپد بیت کوین	Wrapped Bitcoin	WBTC	20803.14	6,797,218,000	1.09%	1401/04/3 00:31
22	آوالانچ	Avalanche	AVAX	17.87	5,838,800	1.94%	1401/04/3 00:31
24	پالیگان	Polygon	MATIC	0.539114	176,200	8.03%	1401/04/3 00:31
25	یوکَش	yOUcash	YOUC	0.500201	163,400	0.01%	1401/04/3 00:25
26	یونی سواپ	Uniswap	UNI	5.42	1,770,900	1.69%	1401/04/3 00:31
27	لایت کوین	Litecoin	LTC	55.48	18,127,500	0.73%	1401/04/3 00:31
28	Lido Staked ETH	Lido Staked ETH	STETH	1071.52	350,108,400	1.54%	1401/04/3 00:25
29	اف تی ایکس توکن	FTX Token	FTT	25.94	8,475,600	0.78%	1401/04/3 00:31
30	چین لینک	Chainlink	LINK	6.91	2,257,800	1.17%	1401/04/3 00:31
31	Cronos	Cronos	CRO	0.120289	39,300	0.75%	1401/04/3 00:31
32	استلار	Stellar	XLM	0.116746	38,100	1.17%	1401/04/3 00:31
34	نیر پروتکل	NEAR Protocol	NEAR	3.49	1,140,300	1.16%	1401/04/3 00:21
35	کازماز	Cosmos	ATOM	8.08	2,640,100	1.13%	1401/04/3 00:31
36	بیت تورنت	BitTorrent	BTT	0.002329	800	0.00%	1401/04/3 00:31
37	الگوراند	Algorand	ALGO	0.326298	106,600	0.20%	1401/04/3 00:31
38	بیت کوین کش	Bitcoin Cash	BCH	116.38	38,026,000	0.67%	1401/04/3 00:31
39	مونرو	Monero	XMR	120.74	39,450,600	0.77%	1401/04/3 00:31
40	بیتکوین بی ای پی 2	Bitcoin BEP2	BTCB	20786.91	6,791,915,000	1.60%	1401/04/3 00:25
41	اتریوم کلاسیک	Ethereum Classic	ETC	15.67	5,120,000	0.90%	1401/04/3 00:31
42	Chain	Chain	XCN	0.085766	28,000	0.55%	1401/04/3 00:25
43	وی چین	VeChain	VET	0.023772	7,800	0.98%	1401/04/3 00:31
44	فلو	Flow	FLOW	1.58	516,200	1.28%	1401/04/3 00:31
45	دیسنترالند	Decentraland	MANA	0.879775	287,500	1.08%	1401/04/3 00:31
46	هدِرا	Hedera	HBAR	0.07222	23,600	0.71%	1401/04/3 00:31
47	فرکس	Frax	FRAX	1.0	326,700	0.09%	1401/04/3 00:20
48	اینترنت کامپیوتر	Internet Computer	ICP	5.75	1,878,800	0.70%	1401/04/3 00:29
49	الروند	Elrond	EGLD	59.33	19,385,500	0.80%	1401/04/3 00:31
50	Toncoin	Toncoin	TON	1.08	352,900	0.00%	1401/04/3 00:20
51	ایپ کوین	APEcoin	APE	4.38	1,431,100	1.15%	1401/04/3 00:29
52	فایل کوین	Filecoin	FIL	5.78	1,888,600	0.87%	1401/04/3 00:31
53	تتا نتورک	Theta Network	THETA	1.28	418,200	1.59%	1401/04/3 00:27
55	تزوس	Tezos	XTZ	1.41	460,700	1.44%	1401/04/3 00:31
56	د سندباکس	The Sandbox	SAND	0.993493	324,600	1.33%	1401/04/3 00:31
57	هلیوم	Helium	HNT	10.39	3,394,800	1.37%	1401/04/3 00:29
58	ترو یو اس دی	TrueUSD	TUSD	1.0	326,700	0.00%	1401/04/3 00:20
59	بیت کوین اس وی	Bitcoin SV	BSV	63.68	20,806,800	0.47%	1401/04/3 00:29
60	اکسی اینفینیتی	Axie Infinity	AXS	14.49	4,734,500	0.56%	1401/04/3 00:27
61	رپد ان بی ان	Wrapped BNB	WBNB	228.17	74,552,300	2.09%	1401/04/3 00:25
62	کوکوین توکن	KuCoin Token	KCS	10.49	3,427,500	0.96%	1401/04/3 00:31
63	ایاس	EOS	EOS	0.959536	313,500	0.77%	1401/04/3 00:31
64	پکس دالر	Pax Dollar	USDP	1.0	326,700	0.00%	1401/04/3 00:19
65	زد کش	Zcash	ZEC	64.52	21,081,300	0.88%	1401/04/3 00:31
66	میکر	Maker	MKR	947.63	309,628,600	2.16%	1401/04/3 00:31
67	آوه	Aave	AAVE	65.26	21,323,100	1.76%	1401/04/3 00:31
69	هوبی توکن	Huobi Token	HT	5.4	1,764,400	0.37%	1401/04/3 00:29
70	میوتا	IOTA	MIOTA	0.29597	96,700	0.72%	1401/04/3 00:31
71	هوبی بی تی اس	Huobi BTC	HBTC	20830.04	6,806,007,300	1.41%	1401/04/3 00:25
74	نوترینو یو اس دی	Neutrino USD	USDN	0.993397	324,600	0.07%	1401/04/3 00:31
75	 د گراف	The Graph	GRT	0.110157	36,000	0.78%	1401/04/3 00:31
76	ای کش	eCash	XEC	3.9e-05	13	0.00%	1401/04/3 00:19
78	لیکوییتی یو اس دی 	Liquity USD	LUSD	1.02	333,300	0.00%	1401/04/3 00:19
80	USDD	USDD	USDD	0.976036	318,900	0.12%	1401/04/3 00:31
81	کلیتن	Klaytn	KLAY	0.244797	80,000	0.45%	1401/04/3 00:31
83	اوکی بی	OKB	OKB	11.43	3,734,600	0.35%	1401/04/3 00:31
84	ثور چین	THORChain	RUNE	2.06	673,100	4.57%	1401/04/3 00:27
85	ویوز	Waves	WAVES	6.23	2,035,600	1.96%	1401/04/3 00:31
86	فانتوم	Fantom	FTM	0.265888	86,900	1.09%	1401/04/3 00:31
87	کوانت	Quant	QNT	55.23	18,045,900	0.13%	1401/04/3 00:31
88	نئو	Neo	NEO	9.22	3,012,500	0.66%	1401/04/3 00:31
89	پکس گلد	PAX Gold	PAXG	1831.12	598,300,100	0.03%	1401/04/3 00:31
90	چیلیز	Chiliz	CHZ	0.096297	31,500	0.97%	1401/04/3 00:31
91	بیسیک اتنشن توکن	Basic Attention Token	BAT	0.380487	124,300	0.91%	1401/04/3 00:31
92	لوپرینگ	Loopring	LRC	0.398616	130,200	0.54%	1401/04/3 00:31
93	زیلیکا	Zilliqa	ZIL	0.040465	13,200	0.91%	1401/04/3 00:31
94	دش	Dash	DASH	47.56	15,539,800	0.34%	1401/04/3 00:31
95	استیکس	Stacks	STX	0.388015	126,800	1.45%	1401/04/3 00:31
97	دیفای چین	DeFiChain	DFI	0.997868	326,000	1.26%	1401/04/3 00:25
98	پنکیک سواپ	PancakeSwap	CAKE	3.22	1,052,100	1.58%	1401/04/3 00:31
99	STEPN	STEPN	GMT	0.78573	256,700	1.37%	1401/04/3 00:31

0	بیت کوین	Bitcoin	BTC	20819.21	6,777,902,000	0.90%	1401/04/3 01:31
1	اتریوم	Ethereum	ETH	1133.18	368,918,100	2.00%	1401/04/3 01:31
2	بایننس کوین	Binance Coin	BNB	228.36	74,344,900	1.68%	1401/04/3 01:31
3	تتر	Tether	USDT	0.99928	325,070	0.00%	1401/04/3 01:31
4	یو اس دی کوین	USD Coin	USDC	1.0	325,600	0.00%	1401/04/3 01:31
5	BNB	BNB	BNB	228.36	74,344,900	1.68%	1401/04/3 01:31
6	بایننس یو اس دی	Binance USD	BUSD	0.999383	325,400	0.06%	1401/04/3 01:31
7	کاردانو	Cardano	ADA	0.477201	155,400	1.23%	1401/04/3 01:31
8	ریپل	Ripple	XRP	0.331909	108,100	0.69%	1401/04/3 01:31
9	سولانا	Solana	SOL	37.77	12,296,400	1.72%	1401/04/3 01:31
11	دوج کوین	Dogecoin	DOGE	0.063851	20,800	1.59%	1401/04/3 01:31
12	پولکا دات	Polkadot	DOT	7.71	2,510,100	1.31%	1401/04/3 01:31
13	هگز	HEX	HEX	0.042232	13,700	2.07%	1401/04/3 01:31
15	دای	Dai	DAI	1.0	325,600	0.00%	1401/04/3 00:18
16	Wrapped TRON	Wrapped TRON	WTRX	0.064079	20,900	0.00%	1401/04/3 00:20
17	ترون	TRON	TRX	0.063205	20,600	1.11%	1401/04/3 01:31
19	شیبا اینو	SHIBA INU	SHIB	1e-05	3	0.00%	1401/04/3 01:31
20	رپد بیت کوین	Wrapped Bitcoin	WBTC	20861.59	6,791,699,200	1.37%	1401/04/3 01:31
21	یو ان یو اس سد لئو	UNUS SED LEO	LEO	5.81	1,891,500	1.03%	1401/04/3 01:31
22	آوالانچ	Avalanche	AVAX	17.94	5,840,500	2.34%	1401/04/3 01:31
24	پالیگان	Polygon	MATIC	0.53953	175,600	8.11%	1401/04/3 01:31
25	یوکَش	yOUcash	YOUC	0.500146	162,800	0.00%	1401/04/3 01:31
26	یونی سواپ	Uniswap	UNI	5.47	1,780,800	2.63%	1401/04/3 01:31
27	لایت کوین	Litecoin	LTC	55.71	18,136,900	1.14%	1401/04/3 01:31
28	Lido Staked ETH	Lido Staked ETH	STETH	1082.15	352,304,800	2.55%	1401/04/3 01:31
29	اف تی ایکس توکن	FTX Token	FTT	25.97	8,454,800	0.89%	1401/04/3 01:31
30	چین لینک	Chainlink	LINK	6.95	2,262,600	1.76%	1401/04/3 01:31
31	Cronos	Cronos	CRO	0.120265	39,200	0.73%	1401/04/3 01:31
32	استلار	Stellar	XLM	0.117429	38,200	1.76%	1401/04/3 01:31
34	نیر پروتکل	NEAR Protocol	NEAR	3.5	1,139,500	1.45%	1401/04/3 01:28
35	کازماز	Cosmos	ATOM	8.09	2,633,800	1.25%	1401/04/3 01:31
36	بیت تورنت	BitTorrent	BTT	0.002329	800	0.00%	1401/04/3 01:31
37	الگوراند	Algorand	ALGO	0.328529	107,000	0.89%	1401/04/3 01:31
38	بیت کوین کش	Bitcoin Cash	BCH	116.86	38,044,900	1.08%	1401/04/3 01:31
39	بیتکوین بی ای پی 2	Bitcoin BEP2	BTCB	20886.87	6,799,929,400	2.09%	1401/04/3 01:31
40	مونرو	Monero	XMR	120.71	39,298,300	0.74%	1401/04/3 01:31
41	اتریوم کلاسیک	Ethereum Classic	ETC	15.83	5,153,600	1.93%	1401/04/3 01:31
42	Chain	Chain	XCN	0.085496	27,800	0.23%	1401/04/3 01:31
43	وی چین	VeChain	VET	0.023786	7,700	1.04%	1401/04/3 01:31
44	فلو	Flow	FLOW	1.58	514,400	1.28%	1401/04/3 01:31
45	دیسنترالند	Decentraland	MANA	0.880532	286,700	1.16%	1401/04/3 01:31
46	هدِرا	Hedera	HBAR	0.072705	23,700	1.39%	1401/04/3 01:31
47	فرکس	Frax	FRAX	1.0	325,600	0.09%	1401/04/3 01:15
48	اینترنت کامپیوتر	Internet Computer	ICP	5.78	1,881,700	1.23%	1401/04/3 01:28
49	Toncoin	Toncoin	TON	1.09	354,900	1.87%	1401/04/3 00:50
50	الروند	Elrond	EGLD	59.3	19,305,700	0.75%	1401/04/3 01:31
51	ایپ کوین	APEcoin	APE	4.39	1,429,200	1.39%	1401/04/3 01:28
52	فایل کوین	Filecoin	FIL	5.77	1,878,500	0.70%	1401/04/3 01:31
53	تتا نتورک	Theta Network	THETA	1.29	420,000	2.38%	1401/04/3 01:19
55	تزوس	Tezos	XTZ	1.41	459,000	1.44%	1401/04/3 01:31
56	د سندباکس	The Sandbox	SAND	0.996945	324,600	1.68%	1401/04/3 01:31
57	هلیوم	Helium	HNT	10.42	3,392,300	1.66%	1401/04/3 01:31
58	ترو یو اس دی	TrueUSD	TUSD	1.0	325,600	0.00%	1401/04/3 00:20
59	بیت کوین اس وی	Bitcoin SV	BSV	63.94	20,816,300	0.88%	1401/04/3 01:31
60	اکسی اینفینیتی	Axie Infinity	AXS	14.57	4,743,400	1.11%	1401/04/3 01:31
61	رپد ان بی ان	Wrapped BNB	WBNB	228.06	74,247,200	2.04%	1401/04/3 01:31
62	کوکوین توکن	KuCoin Token	KCS	10.51	3,421,600	1.15%	1401/04/3 01:31
63	ایاس	EOS	EOS	0.96654	314,700	1.51%	1401/04/3 01:31
64	زد کش	Zcash	ZEC	64.7	21,063,700	1.16%	1401/04/3 01:31
65	پکس دالر	Pax Dollar	USDP	1.0	325,600	0.00%	1401/04/3 00:19
66	میکر	Maker	MKR	962.5	313,351,500	3.76%	1401/04/3 01:31
68	آوه	Aave	AAVE	65.87	21,444,600	2.71%	1401/04/3 01:31
70	هوبی توکن	Huobi Token	HT	5.4	1,758,000	0.37%	1401/04/3 01:31
71	میوتا	IOTA	MIOTA	0.29704	96,700	1.08%	1401/04/3 01:31
72	هوبی بی تی اس	Huobi BTC	HBTC	20849.31	6,787,701,400	1.51%	1401/04/3 01:31
75	نوترینو یو اس دی	Neutrino USD	USDN	0.991758	322,900	0.10%	1401/04/3 01:31
76	 د گراف	The Graph	GRT	0.109765	35,700	0.42%	1401/04/3 01:31
77	ای کش	eCash	XEC	3.9e-05	13	2.63%	1401/04/3 00:49
79	لیکوییتی یو اس دی 	Liquity USD	LUSD	1.02	332,100	0.00%	1401/04/3 00:19
81	کلیتن	Klaytn	KLAY	0.24543	79,900	0.71%	1401/04/3 01:31
82	USDD	USDD	USDD	0.976213	317,800	0.14%	1401/04/3 01:31
84	ثور چین	THORChain	RUNE	2.12	690,200	7.61%	1401/04/3 01:28
85	اوکی بی	OKB	OKB	11.44	3,724,400	0.44%	1401/04/3 01:31
86	فانتوم	Fantom	FTM	0.267753	87,200	1.80%	1401/04/3 01:31
87	ویوز	Waves	WAVES	6.19	2,015,200	1.31%	1401/04/3 01:31
88	کوانت	Quant	QNT	55.54	18,081,600	0.69%	1401/04/3 01:31
89	نئو	Neo	NEO	9.35	3,044,000	2.07%	1401/04/3 01:31
90	پکس گلد	PAX Gold	PAXG	1826.95	594,781,800	0.26%	1401/04/3 01:31
91	چیلیز	Chiliz	CHZ	0.097373	31,700	2.09%	1401/04/3 01:31
92	بیسیک اتنشن توکن	Basic Attention Token	BAT	0.384307	125,100	1.92%	1401/04/3 01:31
93	لوپرینگ	Loopring	LRC	0.398581	129,800	0.53%	1401/04/3 01:31
94	زیلیکا	Zilliqa	ZIL	0.040894	13,300	1.98%	1401/04/3 01:31
95	دش	Dash	DASH	48.07	15,649,700	1.41%	1401/04/3 01:31
96	استیکس	Stacks	STX	0.389923	126,900	1.95%	1401/04/3 01:31
97	دیفای چین	DeFiChain	DFI	1.0	325,600	1.48%	1401/04/3 01:30
99	پنکیک سواپ	PancakeSwap	CAKE	3.22	1,048,300	1.58%	1401/04/3 01:31

0	بیت کوین	Bitcoin	BTC	20746.94	6,751,469,200	0.55%	1401/04/3 02:43
1	اتریوم	Ethereum	ETH	1129.08	367,425,200	1.63%	1401/04/3 02:43
2	بایننس کوین	Binance Coin	BNB	227.22	73,941,900	1.17%	1401/04/3 02:43
3	تتر	Tether	USDT	0.999258	324,900	0.00%	1401/04/3 02:43
4	یو اس دی کوین	USD Coin	USDC	1.0	325,400	0.00%	1401/04/3 02:43
5	BNB	BNB	BNB	227.22	73,941,900	1.17%	1401/04/3 02:42
6	بایننس یو اس دی	Binance USD	BUSD	1.0	325,400	0.00%	1401/04/3 02:42
7	ریپل	Ripple	XRP	0.332866	108,300	0.98%	1401/04/3 02:43
8	کاردانو	Cardano	ADA	0.473907	154,200	0.54%	1401/04/3 02:43
9	سولانا	Solana	SOL	37.45	12,187,000	0.86%	1401/04/3 02:43
11	دوج کوین	Dogecoin	DOGE	0.063718	20,700	1.38%	1401/04/3 02:43
12	پولکا دات	Polkadot	DOT	7.66	2,492,700	0.66%	1401/04/3 02:43
13	هگز	HEX	HEX	0.042991	14,000	3.90%	1401/04/3 02:41
15	دای	Dai	DAI	1.0	325,400	0.00%	1401/04/3 02:29
16	Wrapped TRON	Wrapped TRON	WTRX	0.064079	20,900	0.00%	1401/04/3 00:20
17	ترون	TRON	TRX	0.062971	20,500	0.73%	1401/04/3 02:43
19	یو ان یو اس سد لئو	UNUS SED LEO	LEO	5.81	1,890,700	1.03%	1401/04/3 02:42
20	شیبا اینو	SHIBA INU	SHIB	1e-05	3	0.00%	1401/04/3 02:43
21	رپد بیت کوین	Wrapped Bitcoin	WBTC	20732.46	6,746,757,100	0.74%	1401/04/3 02:42
22	آوالانچ	Avalanche	AVAX	18.03	5,867,300	2.85%	1401/04/3 02:43
24	پالیگان	Polygon	MATIC	0.547015	178,000	9.61%	1401/04/3 02:42
25	یوکَش	yOUcash	YOUC	0.500175	162,800	0.00%	1401/04/3 02:41
26	یونی سواپ	Uniswap	UNI	5.51	1,793,100	3.38%	1401/04/3 02:43
27	لایت کوین	Litecoin	LTC	55.58	18,086,800	0.91%	1401/04/3 02:43
28	Lido Staked ETH	Lido Staked ETH	STETH	1070.83	348,469,500	1.47%	1401/04/3 02:41
29	اف تی ایکس توکن	FTX Token	FTT	25.98	8,454,400	0.93%	1401/04/3 02:42
30	چین لینک	Chainlink	LINK	6.92	2,251,900	1.32%	1401/04/3 02:43
31	Cronos	Cronos	CRO	0.119586	38,900	0.16%	1401/04/3 02:42
32	استلار	Stellar	XLM	0.116575	37,900	1.02%	1401/04/3 02:43
34	نیر پروتکل	NEAR Protocol	NEAR	3.49	1,135,700	1.16%	1401/04/3 02:42
35	بیت تورنت	BitTorrent	BTT	0.002329	800	0.00%	1401/04/3 02:43
36	کازماز	Cosmos	ATOM	8.04	2,616,400	0.63%	1401/04/3 02:43
37	الگوراند	Algorand	ALGO	0.328674	107,000	0.93%	1401/04/3 02:42
38	بیت کوین کش	Bitcoin Cash	BCH	116.71	37,979,800	0.95%	1401/04/3 02:43
39	بیتکوین بی ای پی 2	Bitcoin BEP2	BTCB	20757.16	6,754,795,000	1.45%	1401/04/3 02:41
40	مونرو	Monero	XMR	120.12	39,089,500	0.25%	1401/04/3 02:43
41	اتریوم کلاسیک	Ethereum Classic	ETC	15.8	5,141,600	1.74%	1401/04/3 02:43
42	Chain	Chain	XCN	0.085592	27,900	0.34%	1401/04/3 02:41
43	وی چین	VeChain	VET	0.023728	7,700	0.79%	1401/04/3 02:42
44	فلو	Flow	FLOW	1.58	514,200	1.28%	1401/04/3 02:43
45	دیسنترالند	Decentraland	MANA	0.880041	286,400	1.11%	1401/04/3 02:42
46	هدِرا	Hedera	HBAR	0.072256	23,500	0.76%	1401/04/3 02:42
47	فرکس	Frax	FRAX	1.0	325,400	0.09%	1401/04/3 01:15
48	اینترنت کامپیوتر	Internet Computer	ICP	5.76	1,874,400	0.88%	1401/04/3 02:40
49	الروند	Elrond	EGLD	59.16	19,251,800	0.51%	1401/04/3 02:43
50	Toncoin	Toncoin	TON	1.08	351,500	0.93%	1401/04/3 01:41
51	ایپ کوین	APEcoin	APE	4.35	1,415,600	0.46%	1401/04/3 02:42
53	فایل کوین	Filecoin	FIL	5.78	1,880,900	0.87%	1401/04/3 02:43
54	تتا نتورک	Theta Network	THETA	1.28	416,500	1.59%	1401/04/3 02:42
55	تزوس	Tezos	XTZ	1.42	462,100	2.16%	1401/04/3 02:43
56	هلیوم	Helium	HNT	10.38	3,377,900	1.27%	1401/04/3 02:42
57	د سندباکس	The Sandbox	SAND	0.99094	322,500	1.06%	1401/04/3 02:43
58	ترو یو اس دی	TrueUSD	TUSD	1.0	325,400	0.00%	1401/04/3 02:42
59	بیت کوین اس وی	Bitcoin SV	BSV	64.16	20,878,900	1.23%	1401/04/3 02:42
60	اکسی اینفینیتی	Axie Infinity	AXS	14.5	4,718,600	0.62%	1401/04/3 02:42
61	رپد ان بی ان	Wrapped BNB	WBNB	227.03	73,880,100	1.58%	1401/04/3 02:41
62	کوکوین توکن	KuCoin Token	KCS	10.52	3,423,400	1.25%	1401/04/3 02:40
63	ایاس	EOS	EOS	0.961387	312,900	0.97%	1401/04/3 02:43
64	پکس دالر	Pax Dollar	USDP	1.0	325,400	0.00%	1401/04/3 02:42
65	زد کش	Zcash	ZEC	64.6	21,022,100	1.00%	1401/04/3 02:43
66	میکر	Maker	MKR	966.8	314,616,100	4.23%	1401/04/3 02:43
68	آوه	Aave	AAVE	65.3	21,249,900	1.82%	1401/04/3 02:42
70	هوبی توکن	Huobi Token	HT	5.39	1,754,000	0.19%	1401/04/3 02:42
71	میوتا	IOTA	MIOTA	0.295759	96,200	0.65%	1401/04/3 02:42
72	هوبی بی تی اس	Huobi BTC	HBTC	20718.33	6,742,158,900	0.87%	1401/04/3 02:41
75	نوترینو یو اس دی	Neutrino USD	USDN	0.992195	322,900	0.06%	1401/04/3 02:42
76	 د گراف	The Graph	GRT	0.109247	35,600	0.06%	1401/04/3 02:42
77	ای کش	eCash	XEC	3.8e-05	12	0.00%	1401/04/3 02:42
79	لیکوییتی یو اس دی 	Liquity USD	LUSD	1.02	331,900	0.00%	1401/04/3 00:19
81	USDD	USDD	USDD	0.977326	318,000	0.25%	1401/04/3 02:42
82	کلیتن	Klaytn	KLAY	0.245196	79,800	0.61%	1401/04/3 02:42
84	ثور چین	THORChain	RUNE	2.11	686,600	7.11%	1401/04/3 02:40
85	اوکی بی	OKB	OKB	11.45	3,726,100	0.53%	1401/04/3 02:42
86	ویوز	Waves	WAVES	6.33	2,059,900	3.60%	1401/04/3 02:43
87	فانتوم	Fantom	FTM	0.266715	86,800	1.40%	1401/04/3 02:43
88	کوانت	Quant	QNT	55.32	18,002,200	0.29%	1401/04/3 02:42
89	نئو	Neo	NEO	9.22	3,000,400	0.66%	1401/04/3 02:43
90	BitTorrent	BitTorrent	BTTOLD	0.000641	200	38.74%	1401/04/3 02:41
91	پکس گلد	PAX Gold	PAXG	1828.23	594,942,600	0.19%	1401/04/3 02:42
92	چیلیز	Chiliz	CHZ	0.097649	31,800	2.38%	1401/04/3 02:42
93	بیسیک اتنشن توکن	Basic Attention Token	BAT	0.390175	127,000	3.48%	1401/04/3 02:42
94	زیلیکا	Zilliqa	ZIL	0.041066	13,400	2.41%	1401/04/3 02:42
95	لوپرینگ	Loopring	LRC	0.398018	129,500	0.39%	1401/04/3 02:43
96	استیکس	Stacks	STX	0.394613	128,400	3.18%	1401/04/3 02:42
97	دش	Dash	DASH	47.83	15,564,800	0.91%	1401/04/3 02:43
98	دیفای چین	DeFiChain	DFI	1.0	325,400	1.48%	1401/04/3 02:25

0	بیت کوین	Bitcoin	BTC	21099.54	6,847,433,700	2.26%	1401/04/3 04:16
1	اتریوم	Ethereum	ETH	1144.61	371,460,300	3.03%	1401/04/3 04:16
2	بایننس کوین	Binance Coin	BNB	229.36	74,434,200	2.12%	1401/04/3 04:16
3	تتر	Tether	USDT	0.999255	323,940	0.00%	1401/04/3 04:16
4	یو اس دی کوین	USD Coin	USDC	1.0	324,500	0.00%	1401/04/3 04:16
5	BNB	BNB	BNB	229.36	74,434,200	2.12%	1401/04/3 04:16
6	بایننس یو اس دی	Binance USD	BUSD	0.999166	324,300	0.08%	1401/04/3 04:16
7	کاردانو	Cardano	ADA	0.481982	156,400	2.25%	1401/04/3 04:16
8	ریپل	Ripple	XRP	0.335998	109,000	1.93%	1401/04/3 04:16
9	سولانا	Solana	SOL	38.22	12,403,500	2.94%	1401/04/3 04:16
11	دوج کوین	Dogecoin	DOGE	0.064189	20,800	2.13%	1401/04/3 04:16
12	هگز	HEX	HEX	0.044619	14,500	7.84%	1401/04/3 04:16
13	پولکا دات	Polkadot	DOT	7.78	2,524,800	2.23%	1401/04/3 04:16
15	دای	Dai	DAI	1.0	324,500	0.00%	1401/04/3 03:36
16	Wrapped TRON	Wrapped TRON	WTRX	0.064079	20,800	0.00%	1401/04/3 00:20
17	ترون	TRON	TRX	0.063678	20,700	1.86%	1401/04/3 04:16
19	شیبا اینو	SHIBA INU	SHIB	1e-05	3	0.00%	1401/04/3 04:16
20	رپد بیت کوین	Wrapped Bitcoin	WBTC	21079.76	6,841,014,500	2.43%	1401/04/3 04:16
21	یو ان یو اس سد لئو	UNUS SED LEO	LEO	5.82	1,888,800	0.86%	1401/04/3 04:16
22	آوالانچ	Avalanche	AVAX	18.3	5,938,900	4.39%	1401/04/3 04:16
24	پالیگان	Polygon	MATIC	0.568729	184,600	13.96%	1401/04/3 04:16
25	یوکَش	yOUcash	YOUC	0.500163	162,300	0.00%	1401/04/3 04:16
26	یونی سواپ	Uniswap	UNI	5.61	1,820,600	5.25%	1401/04/3 04:16
27	لایت کوین	Litecoin	LTC	55.81	18,112,000	1.33%	1401/04/3 04:16
28	Lido Staked ETH	Lido Staked ETH	STETH	1092.14	354,432,200	3.49%	1401/04/3 04:16
29	اف تی ایکس توکن	FTX Token	FTT	26.35	8,551,400	2.37%	1401/04/3 04:16
30	چین لینک	Chainlink	LINK	7.03	2,281,400	2.93%	1401/04/3 04:16
31	Cronos	Cronos	CRO	0.121382	39,400	1.67%	1401/04/3 04:16
32	استلار	Stellar	XLM	0.117932	38,300	2.19%	1401/04/3 04:16
34	نیر پروتکل	NEAR Protocol	NEAR	3.57	1,158,600	3.48%	1401/04/3 04:10
35	الگوراند	Algorand	ALGO	0.336174	109,100	3.24%	1401/04/3 04:16
36	کازماز	Cosmos	ATOM	8.11	2,631,900	1.50%	1401/04/3 04:16
37	بیت تورنت	BitTorrent	BTT	0.002329	800	0.00%	1401/04/3 04:16
38	بیت کوین کش	Bitcoin Cash	BCH	116.51	37,811,000	0.78%	1401/04/3 04:16
39	مونرو	Monero	XMR	122.51	39,758,200	2.25%	1401/04/3 04:16
40	بیتکوین بی ای پی 2	Bitcoin BEP2	BTCB	21082.51	6,841,907,000	3.04%	1401/04/3 04:16
41	اتریوم کلاسیک	Ethereum Classic	ETC	15.95	5,176,300	2.70%	1401/04/3 04:16
42	Chain	Chain	XCN	0.086279	28,000	1.15%	1401/04/3 04:16
43	وی چین	VeChain	VET	0.024196	7,900	2.78%	1401/04/3 04:16
44	فلو	Flow	FLOW	1.61	522,500	3.21%	1401/04/3 04:16
45	دیسنترالند	Decentraland	MANA	0.89855	291,600	3.23%	1401/04/3 04:16
46	هدِرا	Hedera	HBAR	0.073362	23,800	2.31%	1401/04/3 04:16
47	فرکس	Frax	FRAX	1.0	324,500	0.09%	1401/04/3 04:06
48	اینترنت کامپیوتر	Internet Computer	ICP	5.81	1,885,500	1.75%	1401/04/3 04:09
49	الروند	Elrond	EGLD	60.32	19,575,600	2.48%	1401/04/3 04:16
50	Toncoin	Toncoin	TON	1.1	357,000	2.80%	1401/04/3 04:16
51	ایپ کوین	APEcoin	APE	4.43	1,437,700	2.31%	1401/04/3 04:16
52	تتا نتورک	Theta Network	THETA	1.31	425,100	3.97%	1401/04/3 03:56
54	تزوس	Tezos	XTZ	1.44	467,300	3.60%	1401/04/3 04:16
55	فایل کوین	Filecoin	FIL	5.81	1,885,500	1.40%	1401/04/3 04:16
56	د سندباکس	The Sandbox	SAND	1.01	327,800	3.01%	1401/04/3 04:16
57	هلیوم	Helium	HNT	10.56	3,427,000	3.02%	1401/04/3 04:16
58	بیت کوین اس وی	Bitcoin SV	BSV	64.31	20,870,500	1.47%	1401/04/3 04:16
59	ترو یو اس دی	TrueUSD	TUSD	1.0	324,500	0.00%	1401/04/3 02:42
60	اکسی اینفینیتی	Axie Infinity	AXS	14.77	4,793,300	2.50%	1401/04/3 04:16
61	رپد ان بی ان	Wrapped BNB	WBNB	228.46	74,142,100	2.22%	1401/04/3 04:16
62	کوکوین توکن	KuCoin Token	KCS	10.65	3,456,200	2.50%	1401/04/3 04:16
63	ایاس	EOS	EOS	0.972895	315,700	2.18%	1401/04/3 04:16
64	زد کش	Zcash	ZEC	65.81	21,357,300	2.89%	1401/04/3 04:16
65	میکر	Maker	MKR	979.59	317,906,300	5.60%	1401/04/3 04:16
66	آوه	Aave	AAVE	68.93	22,369,900	7.48%	1401/04/3 04:16
67	پکس دالر	Pax Dollar	USDP	1.0	324,500	0.00%	1401/04/3 03:32
70	هوبی توکن	Huobi Token	HT	5.45	1,768,700	1.30%	1401/04/3 04:10
71	میوتا	IOTA	MIOTA	0.301138	97,700	2.48%	1401/04/3 04:16
72	هوبی بی تی اس	Huobi BTC	HBTC	21118.12	6,853,463,500	2.81%	1401/04/3 04:16
75	نوترینو یو اس دی	Neutrino USD	USDN	0.993749	322,500	0.10%	1401/04/3 04:16
76	 د گراف	The Graph	GRT	0.111565	36,200	2.06%	1401/04/3 04:16
77	ای کش	eCash	XEC	3.9e-05	13	2.63%	1401/04/3 02:43
79	لیکوییتی یو اس دی 	Liquity USD	LUSD	1.02	331,000	0.00%	1401/04/3 00:19
81	ثور چین	THORChain	RUNE	2.17	704,200	10.15%	1401/04/3 04:16
82	کلیتن	Klaytn	KLAY	0.247882	80,400	1.71%	1401/04/3 04:16
83	USDD	USDD	USDD	0.977508	317,200	0.27%	1401/04/3 04:16
85	فانتوم	Fantom	FTM	0.272521	88,400	3.61%	1401/04/3 04:16
86	ویوز	Waves	WAVES	6.34	2,057,500	3.76%	1401/04/3 04:16
87	اوکی بی	OKB	OKB	11.51	3,735,300	1.05%	1401/04/3 04:16
88	کوانت	Quant	QNT	55.75	18,092,500	1.07%	1401/04/3 04:16
89	نئو	Neo	NEO	9.32	3,024,600	1.75%	1401/04/3 04:16
90	BitTorrent	BitTorrent	BTTOLD	0.000648	200	40.26%	1401/04/3 04:16
91	پکس گلد	PAX Gold	PAXG	1828.79	593,497,200	0.16%	1401/04/3 04:16
92	بیسیک اتنشن توکن	Basic Attention Token	BAT	0.403186	130,800	6.93%	1401/04/3 04:16
93	چیلیز	Chiliz	CHZ	0.098058	31,800	2.81%	1401/04/3 04:16
94	لوپرینگ	Loopring	LRC	0.40377	131,000	1.84%	1401/04/3 04:16
95	زیلیکا	Zilliqa	ZIL	0.041276	13,400	2.94%	1401/04/3 04:16
96	استیکس	Stacks	STX	0.404369	131,200	5.73%	1401/04/3 04:16
97	دش	Dash	DASH	48.71	15,807,900	2.76%	1401/04/3 04:16
98	دیفای چین	DeFiChain	DFI	1.01	327,800	2.49%	1401/04/3 03:15

